,APPL,,,,,,AMZN,,,,,,APT,,,,,,FB,,,,,,GOOG,,,,,,LAKE,,,,,,NFLX,,,,,,NNVC,,,,,,TSLA,,,,,,YOJ.SG,,,,,,,,,,,,,,,,,,,,,,,,,,,,,,,,,,,,,,,,,,,,,,,,,,,,,,,,,,,,,,,,,,,
Date,Open,High,Low,Close,Adj Close,Volume,Open,High,Low,Close,Adj Close,Volume,Open,High,Low,Close,Adj Close,Volume,Open,High,Low,Close,Adj Close,Volume,Open,High,Low,Close,Adj Close,Volume,Open,High,Low,Close,Adj Close,Volume,Open,High,Low,Close,Adj Close,Volume,Open,High,Low,Close,Adj Close,Volume,Open,High,Low,Close,Adj Close,Volume,Open,High,Low,Close,Adj Close,Volume,,Date,,,,,,,,,,,,,,,,,,,,,,,,,,,,,,,,,,,,,,,,,,,,,,,,,,,,,,,,,,,,
2020/3/2,282.279999,301.440002,277.720001,298.809998,298.003296,85349300,1906.48999,1954.51001,1870,1953.949951,1953.949951,6761700,19.59,19.620001,12.61,16,16,15632800,194.029999,196.570007,188.850006,196.440002,196.440002,24949000,1351.609985,1390.869995,1326.814941,1389.109985,1389.109985,2431500,19.91,20.09,15.66,18.1,18.1,3281600,373.109985,381.359985,364.5,381.049988,381.049988,6997900,9.44,9.65,8.11,8.49,8.49,1593000,711.26001,743.690002,686.669983,743.619995,743.619995,20195000,3.18,3.32,3.18,3.2,-6.783099,9450,,2020/3/1,#N/A,#N/A,#N/A,#N/A,#N/A,#N/A,#N/A,#N/A,#N/A,#N/A,#N/A,#N/A,#N/A,#N/A,#N/A,#N/A,#N/A,#N/A,#N/A,#N/A,#N/A,#N/A,#N/A,#N/A,#N/A,#N/A,#N/A,#N/A,#N/A,#N/A,#N/A,#N/A,#N/A,#N/A,#N/A,#N/A,#N/A,#N/A,#N/A,#N/A,#N/A,#N/A,#N/A,#N/A,#N/A,#N/A,#N/A,#N/A,#N/A,#N/A,#N/A,#N/A,#N/A,#N/A,#N/A,#N/A,#N/A,#N/A,#N/A,#N/A
2020/3/3,303.670013,304,285.799988,289.320007,288.53894,79868900,1975.369995,1996.329956,1888.089966,1908.98999,1908.98999,7534500,13.41,21.65,13,19.190001,19.190001,21864300,196.220001,197.240005,183.970001,185.889999,185.889999,27984100,1399.420044,1410.150024,1332,1341.390015,1341.390015,2402300,16.950001,19.299999,16.02,17.76,17.76,2936700,381.029999,393.519989,367.399994,368.769989,368.769989,8364600,7.99,8.39,7.79,8.39,8.39,1335900,805,806.97998,716.109985,745.51001,745.51001,25784000,3.42,3.42,3.42,3.42,-7.249437,0,,2020/3/2,282.279999,301.440002,277.720001,298.809998,298.003296,85349300,1906.48999,1954.51001,1870,1953.949951,1953.949951,6761700,19.59,19.620001,12.61,16,16,15632800,194.029999,196.570007,188.850006,196.440002,196.440002,24949000,1351.609985,1390.869995,1326.814941,1389.109985,1389.109985,2431500,19.91,20.09,15.66,18.1,18.1,3281600,373.109985,381.359985,364.5,381.049988,381.049988,6997900,9.44,9.65,8.11,8.49,8.49,1593000,711.26001,743.690002,686.669983,743.619995,743.619995,20195000,3.18,3.32,3.18,3.2,-6.783099,9450
2020/3/4,296.440002,303.399994,293.130005,302.73999,301.922699,54794600,1946.569946,1978,1922,1975.829956,1975.829956,4772900,16.75,19.969999,15.51,16,16,8731800,189.169998,191.830002,186.389999,191.759995,191.759995,23062500,1359.22998,1388.089966,1343.109985,1386.52002,1386.52002,1913300,17,18,16.200001,16.459999,16.459999,1565100,377.769989,384.01001,370.51001,383.790009,383.790009,5487300,7.65,8.97,7.65,7.93,7.93,1370900,763.960022,766.52002,724.72998,749.5,749.5,15049000,3.4,3.4,3.4,3.4,-7.207043,0,,2020/3/3,303.670013,304,285.799988,289.320007,288.53894,79868900,1975.369995,1996.329956,1888.089966,1908.98999,1908.98999,7534500,13.41,21.65,13,19.190001,19.190001,21864300,196.220001,197.240005,183.970001,185.889999,185.889999,27984100,1399.420044,1410.150024,1332,1341.390015,1341.390015,2402300,16.950001,19.299999,16.02,17.76,17.76,2936700,381.029999,393.519989,367.399994,368.769989,368.769989,8364600,7.99,8.39,7.79,8.39,8.39,1335900,805,806.97998,716.109985,745.51001,745.51001,25784000,3.42,3.42,3.42,3.42,-7.249437,0
2020/3/5,295.519989,299.549988,291.410004,292.920013,292.129211,46893200,1933,1960.719971,1910,1924.030029,1924.030029,4748200,18.190001,18.549999,15.8,16.469999,16.469999,7684400,186.779999,188.990005,183.889999,185.169998,185.169998,19333400,1350.199951,1358.910034,1305.099976,1319.040039,1319.040039,2561300,16.85,17.59,16.52,16.73,16.73,1444200,381,391.399994,368.640015,372.779999,372.779999,8747000,8.04,8.39,7.92,8.08,8.08,3930200,723.77002,745.75,718.070007,724.539978,724.539978,10852700,3.3,3.3,3.3,3.3,-6.99507,0,,2020/3/4,296.440002,303.399994,293.130005,302.73999,301.922699,54794600,1946.569946,1978,1922,1975.829956,1975.829956,4772900,16.75,19.969999,15.51,16,16,8731800,189.169998,191.830002,186.389999,191.759995,191.759995,23062500,1359.22998,1388.089966,1343.109985,1386.52002,1386.52002,1913300,17,18,16.200001,16.459999,16.459999,1565100,377.769989,384.01001,370.51001,383.790009,383.790009,5487300,7.65,8.97,7.65,7.93,7.93,1370900,763.960022,766.52002,724.72998,749.5,749.5,15049000,3.4,3.4,3.4,3.4,-7.207043,0
2020/3/6,282,290.820007,281.230011,289.029999,288.249725,56544200,1875,1910.869995,1869.5,1901.089966,1901.089966,5273600,16.549999,16.75,14.12,14.42,14.42,5424300,178.330002,183.779999,176.259995,181.089996,181.089996,24559600,1277.060059,1306.219971,1261.050049,1298.410034,1298.410034,2660600,17.15,17.190001,15.61,16.459999,16.459999,1247900,367.700012,371.309998,356.850006,368.970001,368.970001,8147200,11.3,12.75,10.42,11.19,11.19,9921700,690,707,684.27002,703.47998,703.47998,12662900,3.26,3.26,3.26,3.26,-6.910282,0,,2020/3/5,295.519989,299.549988,291.410004,292.920013,292.129211,46893200,1933,1960.719971,1910,1924.030029,1924.030029,4748200,18.190001,18.549999,15.8,16.469999,16.469999,7684400,186.779999,188.990005,183.889999,185.169998,185.169998,19333400,1350.199951,1358.910034,1305.099976,1319.040039,1319.040039,2561300,16.85,17.59,16.52,16.73,16.73,1444200,381,391.399994,368.640015,372.779999,372.779999,8747000,8.04,8.39,7.92,8.08,8.08,3930200,723.77002,745.75,718.070007,724.539978,724.539978,10852700,3.3,3.3,3.3,3.3,-6.99507,0
2020/3/9,263.75,278.089996,263,266.170013,265.451447,71686200,1773.859985,1862.77002,1761.290039,1800.609985,1800.609985,7813200,14.8,15.22,10.09,11.68,11.68,5110900,169.600006,175,165.190002,169.5,169.5,29949000,1205.300049,1254.76001,1200,1215.560059,1215.560059,3365400,16.75,16.940001,13.99,14.34,14.34,1127900,343.859985,357.470001,341.720001,346.48999,346.48999,7405500,11.7,12.13,9.05,9.18,9.18,2461000,605.390015,663,605,608,608,17073700,3.26,3.26,3.26,3.26,-6.910282,0,,2020/3/6,282,290.820007,281.230011,289.029999,288.249725,56544200,1875,1910.869995,1869.5,1901.089966,1901.089966,5273600,16.549999,16.75,14.12,14.42,14.42,5424300,178.330002,183.779999,176.259995,181.089996,181.089996,24559600,1277.060059,1306.219971,1261.050049,1298.410034,1298.410034,2660600,17.15,17.190001,15.61,16.459999,16.459999,1247900,367.700012,371.309998,356.850006,368.970001,368.970001,8147200,11.3,12.75,10.42,11.19,11.19,9921700,690,707,684.27002,703.47998,703.47998,12662900,3.26,3.26,3.26,3.26,-6.910282,0
2020/3/10,277.140015,286.440002,269.369995,285.339996,284.569672,71322500,1870.880005,1894.27002,1818.170044,1891.819946,1891.819946,7133300,11.24,11.24,8.33,9.21,9.21,4845700,174.669998,178.289993,169.5,178.190002,178.190002,24517800,1260,1281.150024,1218.77002,1280.390015,1280.390015,2611400,13.89,14.96,13.38,14.45,14.45,1122200,356.429993,364.540009,347.850006,364.130005,364.130005,7604400,8.82,9.37,6.8,7.28,7.28,1616500,659.429993,668,608,645.330017,645.330017,15594400,3.06,3.06,3,3,-6.359155,3125,,2020/3/7,#N/A,#N/A,#N/A,#N/A,#N/A,#N/A,#N/A,#N/A,#N/A,#N/A,#N/A,#N/A,#N/A,#N/A,#N/A,#N/A,#N/A,#N/A,#N/A,#N/A,#N/A,#N/A,#N/A,#N/A,#N/A,#N/A,#N/A,#N/A,#N/A,#N/A,#N/A,#N/A,#N/A,#N/A,#N/A,#N/A,#N/A,#N/A,#N/A,#N/A,#N/A,#N/A,#N/A,#N/A,#N/A,#N/A,#N/A,#N/A,#N/A,#N/A,#N/A,#N/A,#N/A,#N/A,#N/A,#N/A,#N/A,#N/A,#N/A,#N/A
2020/3/11,277.390015,281.220001,271.859985,275.429993,274.686432,63899700,1857.849976,1871.319946,1801.5,1820.859985,1820.859985,5624800,9.88,13.5,9.26,11.41,11.41,13065900,174.009995,175.880005,167.660004,170.240005,170.240005,20373900,1249.699951,1260.959961,1196.069946,1215.410034,1215.410034,2608500,14.61,17.48,14.29,16.440001,16.440001,2508800,358.920013,362.980011,344.790009,349.920013,349.920013,6036000,7.29,8.88,6.95,8.02,8.02,2267600,640.200012,653.580017,613,634.22998,634.22998,13322500,3.14,3.14,3.14,3.14,-6.655916,0,,2020/3/8,#N/A,#N/A,#N/A,#N/A,#N/A,#N/A,#N/A,#N/A,#N/A,#N/A,#N/A,#N/A,#N/A,#N/A,#N/A,#N/A,#N/A,#N/A,#N/A,#N/A,#N/A,#N/A,#N/A,#N/A,#N/A,#N/A,#N/A,#N/A,#N/A,#N/A,#N/A,#N/A,#N/A,#N/A,#N/A,#N/A,#N/A,#N/A,#N/A,#N/A,#N/A,#N/A,#N/A,#N/A,#N/A,#N/A,#N/A,#N/A,#N/A,#N/A,#N/A,#N/A,#N/A,#N/A,#N/A,#N/A,#N/A,#N/A,#N/A,#N/A
2020/3/12,255.940002,270,248,248.229996,247.55986,104618500,1721.97998,1765,1675,1676.609985,1676.609985,11346200,16,16,11.54,12.55,12.55,9736000,159.539993,166.600006,154.339996,154.470001,154.470001,43266300,1126,1193.869995,1113.300049,1114.910034,1114.910034,4226700,17.4,18,14.75,15.74,15.74,1141100,326.5,335.720001,307.320007,315.25,315.25,12071600,8.5,8.58,6.95,7.6,7.6,1379400,580.890015,594.5,546.25,560.549988,560.549988,18909100,3.02,3.02,3.02,3.02,-6.401549,0,,2020/3/9,263.75,278.089996,263,266.170013,265.451447,71686200,1773.859985,1862.77002,1761.290039,1800.609985,1800.609985,7813200,14.8,15.22,10.09,11.68,11.68,5110900,169.600006,175,165.190002,169.5,169.5,29949000,1205.300049,1254.76001,1200,1215.560059,1215.560059,3365400,16.75,16.940001,13.99,14.34,14.34,1127900,343.859985,357.470001,341.720001,346.48999,346.48999,7405500,11.7,12.13,9.05,9.18,9.18,2461000,605.390015,663,605,608,608,17073700,3.26,3.26,3.26,3.26,-6.910282,0
2020/3/13,264.890015,279.920013,252.949997,277.970001,277.219574,92683000,1755,1786.310059,1680.619995,1785,1785,8809700,10.55,13.94,10.12,12.51,12.51,5763800,163.529999,170.789993,157.600006,170.279999,170.279999,35028600,1179,1219.76001,1117.142944,1219.72998,1219.72998,3700100,15.88,17.379999,14.3,17.1,17.1,1142000,330.51001,336.420013,307.390015,336.299988,336.299988,9458200,7.16,7.2,6.36,6.86,6.86,951600,595,607.570007,502,546.619995,546.619995,22640300,2.98,2.98,2.98,2.98,-6.316761,0,,2020/3/10,277.140015,286.440002,269.369995,285.339996,284.569672,71322500,1870.880005,1894.27002,1818.170044,1891.819946,1891.819946,7133300,11.24,11.24,8.33,9.21,9.21,4845700,174.669998,178.289993,169.5,178.190002,178.190002,24517800,1260,1281.150024,1218.77002,1280.390015,1280.390015,2611400,13.89,14.96,13.38,14.45,14.45,1122200,356.429993,364.540009,347.850006,364.130005,364.130005,7604400,8.82,9.37,6.8,7.28,7.28,1616500,659.429993,668,608,645.330017,645.330017,15594400,3.06,3.06,3,3,-6.359155,3125
2020/3/16,241.949997,259.079987,240,242.210007,241.556122,80605900,1641.51001,1759.449951,1626.030029,1689.150024,1689.150024,8917300,11.99,15.3,10.51,13.14,13.14,6832800,152.320007,159.130005,143.100006,146.009995,146.009995,39120400,1096,1152.266968,1074.439941,1084.329956,1084.329956,4252400,16.5,17.950001,15.53,17.66,17.66,1081800,306.630005,334.350006,294.75,298.839996,298.839996,10559900,8.16,8.22,7,7.28,7.28,1312100,469.5,494.869995,442.170013,445.070007,445.070007,20489500,2.88,2.88,2.88,2.88,-6.104789,0,,2020/3/11,277.390015,281.220001,271.859985,275.429993,274.686432,63899700,1857.849976,1871.319946,1801.5,1820.859985,1820.859985,5624800,9.88,13.5,9.26,11.41,11.41,13065900,174.009995,175.880005,167.660004,170.240005,170.240005,20373900,1249.699951,1260.959961,1196.069946,1215.410034,1215.410034,2608500,14.61,17.48,14.29,16.440001,16.440001,2508800,358.920013,362.980011,344.790009,349.920013,349.920013,6036000,7.29,8.88,6.95,8.02,8.02,2267600,640.200012,653.580017,613,634.22998,634.22998,13322500,3.14,3.14,3.14,3.14,-6.655916,0
2020/3/17,247.509995,257.609985,238.399994,252.860001,252.177368,81014000,1775.469971,1857.780029,1689.23999,1807.839966,1807.839966,10917100,13.01,14,11.56,12.36,12.36,2866300,150.740005,153.940002,140,149.419998,149.419998,34255600,1093.109985,1130.859985,1056.01001,1119.800049,1119.800049,3861500,17.950001,18.799999,16.129999,16.68,16.68,899300,306.190002,322.899994,290.25,319.75,319.75,10013900,7.5,7.5,6.71,7.01,7.01,1022900,440.01001,471.850006,396,430.200012,430.200012,23994600,2.68,2.68,2.68,2.68,-5.680845,0,,2020/3/12,255.940002,270,248,248.229996,247.55986,104618500,1721.97998,1765,1675,1676.609985,1676.609985,11346200,16,16,11.54,12.55,12.55,9736000,159.539993,166.600006,154.339996,154.470001,154.470001,43266300,1126,1193.869995,1113.300049,1114.910034,1114.910034,4226700,17.4,18,14.75,15.74,15.74,1141100,326.5,335.720001,307.320007,315.25,315.25,12071600,8.5,8.58,6.95,7.6,7.6,1379400,580.890015,594.5,546.25,560.549988,560.549988,18909100,3.02,3.02,3.02,3.02,-6.401549,0
2020/3/18,239.770004,250,237.119995,246.669998,246.004074,75058400,1750,1841.660034,1745,1830,1830,9645200,13.05,13.77,11.8,12.13,12.13,3656700,139.75,148.179993,137.100006,146.960007,146.960007,37553100,1056.51001,1106.5,1037.280029,1096.800049,1096.800049,4233400,17,18.25,16.25,16.790001,16.790001,1039200,302.399994,331.579987,300,315.470001,315.470001,12593600,6.61,7.14,6.5,6.65,6.65,881300,389,404.859985,350.51001,361.220001,361.220001,23786200,2.72,2.72,2.72,2.72,-5.765634,0,,2020/3/13,264.890015,279.920013,252.949997,277.970001,277.219574,92683000,1755,1786.310059,1680.619995,1785,1785,8809700,10.55,13.94,10.12,12.51,12.51,5763800,163.529999,170.789993,157.600006,170.279999,170.279999,35028600,1179,1219.76001,1117.142944,1219.72998,1219.72998,3700100,15.88,17.379999,14.3,17.1,17.1,1142000,330.51001,336.420013,307.390015,336.299988,336.299988,9458200,7.16,7.2,6.36,6.86,6.86,951600,595,607.570007,502,546.619995,546.619995,22640300,2.98,2.98,2.98,2.98,-6.316761,0
2020/3/19,247.389999,252.839996,242.610001,244.779999,244.119171,67964300,1860,1945,1832.650024,1880.930054,1880.930054,10399900,12.55,13.3,11.27,11.35,11.35,2637900,146.619995,159.929993,144.800003,153.130005,153.130005,39862300,1093.050049,1157.969971,1060.108032,1115.290039,1115.290039,3651100,17.33,18.799999,16.690001,17.43,17.43,994700,324.329987,348.51001,316.820007,332.029999,332.029999,10616000,6.68,6.78,6.3,6.67,6.67,671300,374.700012,452,358.459991,427.640015,427.640015,30195500,2.68,2.68,2.68,2.68,-5.680845,0,,2020/3/14,#N/A,#N/A,#N/A,#N/A,#N/A,#N/A,#N/A,#N/A,#N/A,#N/A,#N/A,#N/A,#N/A,#N/A,#N/A,#N/A,#N/A,#N/A,#N/A,#N/A,#N/A,#N/A,#N/A,#N/A,#N/A,#N/A,#N/A,#N/A,#N/A,#N/A,#N/A,#N/A,#N/A,#N/A,#N/A,#N/A,#N/A,#N/A,#N/A,#N/A,#N/A,#N/A,#N/A,#N/A,#N/A,#N/A,#N/A,#N/A,#N/A,#N/A,#N/A,#N/A,#N/A,#N/A,#N/A,#N/A,#N/A,#N/A,#N/A,#N/A
2020/3/20,247.179993,251.830002,228,229.240005,228.62114,100423300,1926.310059,1957,1820.72998,1846.089966,1846.089966,9817900,11.45,11.8,10,10.67,10.67,3519600,156.020004,159.270004,148,149.729996,149.729996,32568400,1135.719971,1143.98999,1065.48999,1072.319946,1072.319946,3601800,17.74,17.870001,15.67,16.52,16.52,1481400,342.309998,350.48999,332,332.829987,332.829987,10853800,6.21,6.57,6,6.23,6.23,533100,438.200012,477,425.790009,427.529999,427.529999,28285500,2.38,2.4,2.38,2.4,-5.087324,1000,,2020/3/15,#N/A,#N/A,#N/A,#N/A,#N/A,#N/A,#N/A,#N/A,#N/A,#N/A,#N/A,#N/A,#N/A,#N/A,#N/A,#N/A,#N/A,#N/A,#N/A,#N/A,#N/A,#N/A,#N/A,#N/A,#N/A,#N/A,#N/A,#N/A,#N/A,#N/A,#N/A,#N/A,#N/A,#N/A,#N/A,#N/A,#N/A,#N/A,#N/A,#N/A,#N/A,#N/A,#N/A,#N/A,#N/A,#N/A,#N/A,#N/A,#N/A,#N/A,#N/A,#N/A,#N/A,#N/A,#N/A,#N/A,#N/A,#N/A,#N/A,#N/A
2020/3/23,228.080002,228.5,212.610001,224.369995,223.764267,84188200,1827.75,1919.400024,1812,1902.829956,1902.829956,7808500,10.75,11.97,10,10.3,10.3,3588700,149.660004,152.309998,142.25,148.100006,148.100006,29830800,1061.319946,1071.319946,1013.536011,1056.619995,1056.619995,4044100,16.860001,17.299999,16.09,16.65,16.65,649300,347.890015,366.109985,340.880005,360.269989,360.269989,13449400,6.05,6.22,5.9,6.11,6.11,380000,433.600006,442,410.5,434.290009,434.290009,16454500,2.42,2.42,2.42,2.42,-5.129718,0,,2020/3/16,241.949997,259.079987,240,242.210007,241.556122,80605900,1641.51001,1759.449951,1626.030029,1689.150024,1689.150024,8917300,11.99,15.3,10.51,13.14,13.14,6832800,152.320007,159.130005,143.100006,146.009995,146.009995,39120400,1096,1152.266968,1074.439941,1084.329956,1084.329956,4252400,16.5,17.950001,15.53,17.66,17.66,1081800,306.630005,334.350006,294.75,298.839996,298.839996,10559900,8.16,8.22,7,7.28,7.28,1312100,469.5,494.869995,442.170013,445.070007,445.070007,20489500,2.88,2.88,2.88,2.88,-6.104789,0
2020/3/24,236.360001,247.690002,234.300003,246.880005,246.213516,71882800,1951.5,1955,1900.339966,1940.099976,1940.099976,7147100,10.05,10.39,9.1,9.25,9.25,1807600,155.210007,161.309998,152.570007,160.979996,160.979996,30440400,1103.77002,1135,1090.619995,1134.459961,1134.459961,3344500,16.440001,16.719999,14.9,15.19,15.19,911800,369.98999,372.929993,353.029999,357.320007,357.320007,11638700,5.86,6.12,5.2,5.71,5.71,568700,477.299988,513.690002,474,505,505,22895200,2.44,2.44,2.44,2.44,-5.172113,0,,2020/3/17,247.509995,257.609985,238.399994,252.860001,252.177368,81014000,1775.469971,1857.780029,1689.23999,1807.839966,1807.839966,10917100,13.01,14,11.56,12.36,12.36,2866300,150.740005,153.940002,140,149.419998,149.419998,34255600,1093.109985,1130.859985,1056.01001,1119.800049,1119.800049,3861500,17.950001,18.799999,16.129999,16.68,16.68,899300,306.190002,322.899994,290.25,319.75,319.75,10013900,7.5,7.5,6.71,7.01,7.01,1022900,440.01001,471.850006,396,430.200012,430.200012,23994600,2.68,2.68,2.68,2.68,-5.680845,0
2020/3/25,250.75,258.25,244.300003,245.520004,244.857178,75900500,1920.689941,1950.26001,1885.780029,1885.839966,1885.839966,6479100,9.14,9.15,8.56,8.68,8.68,1620300,158.919998,162.990005,153.059998,156.210007,156.210007,35184300,1126.469971,1148.900024,1086.01001,1102.48999,1102.48999,4081500,15.3,15.42,13.8,14.29,14.29,731100,361.019989,362,339.170013,342.390015,342.390015,8767200,5.2,5.29,4.6,4.8,4.8,790800,545.25,557,511.109985,539.25,539.25,21222700,2.76,2.76,2.76,2.76,-5.850422,0,,2020/3/18,239.770004,250,237.119995,246.669998,246.004074,75058400,1750,1841.660034,1745,1830,1830,9645200,13.05,13.77,11.8,12.13,12.13,3656700,139.75,148.179993,137.100006,146.960007,146.960007,37553100,1056.51001,1106.5,1037.280029,1096.800049,1096.800049,4233400,17,18.25,16.25,16.790001,16.790001,1039200,302.399994,331.579987,300,315.470001,315.470001,12593600,6.61,7.14,6.5,6.65,6.65,881300,389,404.859985,350.51001,361.220001,361.220001,23786200,2.72,2.72,2.72,2.72,-5.765634,0
2020/3/26,246.520004,258.679993,246.360001,258.440002,257.74231,63021800,1902,1956.48999,1889.290039,1955.48999,1955.48999,6221300,9.61,9.64,8.75,9.35,9.35,2205400,158.25,164,157.020004,163.339996,163.339996,26556800,1111.800049,1169.969971,1093.530029,1161.75,1161.75,3571700,14.43,15.59,14.4,15.43,15.43,465800,344,363.839996,341.730011,362.98999,362.98999,7229600,4.88,5.6,4.88,5.57,5.57,701300,547.390015,560,512.25,528.159973,528.159973,17380700,2.82,2.82,2.82,2.82,-5.977605,0,,2020/3/19,247.389999,252.839996,242.610001,244.779999,244.119171,67964300,1860,1945,1832.650024,1880.930054,1880.930054,10399900,12.55,13.3,11.27,11.35,11.35,2637900,146.619995,159.929993,144.800003,153.130005,153.130005,39862300,1093.050049,1157.969971,1060.108032,1115.290039,1115.290039,3651100,17.33,18.799999,16.690001,17.43,17.43,994700,324.329987,348.51001,316.820007,332.029999,332.029999,10616000,6.68,6.78,6.3,6.67,6.67,671300,374.700012,452,358.459991,427.640015,427.640015,30195500,2.68,2.68,2.68,2.68,-5.680845,0
2020/3/27,252.75,255.869995,247.050003,247.740005,247.071182,51054200,1930.859985,1939.790039,1899.920044,1900.099976,1900.099976,5387900,9.64,11.61,9.26,11.2,11.2,7669600,158.199997,160.089996,154.75,156.789993,156.789993,24879900,1125.670044,1150.670044,1105.910034,1110.709961,1110.709961,3208500,16.049999,16.33,15.29,15.56,15.56,896600,359.089996,368.559998,353,357.119995,357.119995,7948800,6,6,5.28,5.68,5.68,420300,505,525.799988,494.029999,514.359985,514.359985,14377400,2.68,2.68,2.68,2.68,-5.680845,0,,2020/3/20,247.179993,251.830002,228,229.240005,228.62114,100423300,1926.310059,1957,1820.72998,1846.089966,1846.089966,9817900,11.45,11.8,10,10.67,10.67,3519600,156.020004,159.270004,148,149.729996,149.729996,32568400,1135.719971,1143.98999,1065.48999,1072.319946,1072.319946,3601800,17.74,17.870001,15.67,16.52,16.52,1481400,342.309998,350.48999,332,332.829987,332.829987,10853800,6.21,6.57,6,6.23,6.23,533100,438.200012,477,425.790009,427.529999,427.529999,28285500,2.38,2.4,2.38,2.4,-5.087324,1000
2020/3/30,250.740005,255.520004,249.399994,254.809998,254.122101,41994100,1922.829956,1973.630005,1912.339966,1963.949951,1963.949951,6126100,13.75,14.4,12.31,13.32,13.32,8252300,159.179993,166.75,158.059998,165.949997,165.949997,22515200,1125.040039,1151.630005,1096.47998,1146.819946,1146.819946,2574100,16.33,16.870001,15.9,16.16,16.16,921300,363,377.799988,361.170013,370.959991,370.959991,8622000,5.7,6,5.45,5.68,5.68,382800,510.26001,516.650024,491.230011,502.130005,502.130005,11998100,2.84,2.84,2.84,2.84,-6.02,0,,2020/3/21,#N/A,#N/A,#N/A,#N/A,#N/A,#N/A,#N/A,#N/A,#N/A,#N/A,#N/A,#N/A,#N/A,#N/A,#N/A,#N/A,#N/A,#N/A,#N/A,#N/A,#N/A,#N/A,#N/A,#N/A,#N/A,#N/A,#N/A,#N/A,#N/A,#N/A,#N/A,#N/A,#N/A,#N/A,#N/A,#N/A,#N/A,#N/A,#N/A,#N/A,#N/A,#N/A,#N/A,#N/A,#N/A,#N/A,#N/A,#N/A,#N/A,#N/A,#N/A,#N/A,#N/A,#N/A,#N/A,#N/A,#N/A,#N/A,#N/A,#N/A
2020/3/31,255.600006,262.48999,252,254.289993,253.6035,49250500,1964.349976,1993.02002,1944.01001,1949.719971,1949.719971,5123600,12,13,11.55,12.08,12.08,2844800,165.479996,170.929993,164.199997,166.800003,166.800003,23676300,1147.300049,1175.310059,1138.140015,1162.810059,1162.810059,2486400,16.07,16.32,15.5,15.5,15.5,559200,367.929993,383.01001,366.440002,375.5,375.5,9366500,6.15,6.18,5.48,5.74,5.74,316800,501.25,542.960022,497,524,524,17771500,2.84,2.84,2.84,2.84,2.84,0,,2020/3/22,#N/A,#N/A,#N/A,#N/A,#N/A,#N/A,#N/A,#N/A,#N/A,#N/A,#N/A,#N/A,#N/A,#N/A,#N/A,#N/A,#N/A,#N/A,#N/A,#N/A,#N/A,#N/A,#N/A,#N/A,#N/A,#N/A,#N/A,#N/A,#N/A,#N/A,#N/A,#N/A,#N/A,#N/A,#N/A,#N/A,#N/A,#N/A,#N/A,#N/A,#N/A,#N/A,#N/A,#N/A,#N/A,#N/A,#N/A,#N/A,#N/A,#N/A,#N/A,#N/A,#N/A,#N/A,#N/A,#N/A,#N/A,#N/A,#N/A,#N/A
2020/4/1,246.5,248.720001,239.130005,240.910004,240.259628,44054600,1932.969971,1944.959961,1893,1907.699951,1907.699951,4121900,12.54,17.540001,12.2,17.200001,17.200001,20958800,161.619995,164.149994,158.039993,159.600006,159.600006,19507600,1122,1129.689941,1097.449951,1105.619995,1105.619995,2344200,15.48,17.85,15.07,17.549999,17.549999,1910100,376.049988,380.230011,361.019989,364.079987,364.079987,6672500,5.75,5.99,5.42,5.59,5.59,398700,504,513.950012,475.100006,481.559998,481.559998,13353200,2.9,2.9,2.9,2.9,2.9,0,,2020/3/23,228.080002,228.5,212.610001,224.369995,223.764267,84188200,1827.75,1919.400024,1812,1902.829956,1902.829956,7808500,10.75,11.97,10,10.3,10.3,3588700,149.660004,152.309998,142.25,148.100006,148.100006,29830800,1061.319946,1071.319946,1013.536011,1056.619995,1056.619995,4044100,16.860001,17.299999,16.09,16.65,16.65,649300,347.890015,366.109985,340.880005,360.269989,360.269989,13449400,6.05,6.22,5.9,6.11,6.11,380000,433.600006,442,410.5,434.290009,434.290009,16454500,2.42,2.42,2.42,2.42,-5.129718,0
2020/4/2,240.339996,245.149994,236.899994,244.929993,244.268768,41483500,1901.640015,1927.530029,1890,1918.829956,1918.829956,4336000,16.049999,18.75,13.8,14.63,14.63,16916900,159.100006,161.350006,155.919998,158.190002,158.190002,20886300,1098.26001,1126.859985,1096.400024,1120.839966,1120.839966,1964900,17.1,18.33,15.36,16.950001,16.950001,2078400,364.079987,370.98999,360.059998,370.079987,370.079987,4592500,5.17,5.63,5.05,5.2,5.2,371300,481.029999,494.26001,446.399994,454.470001,454.470001,19858400,2.76,2.76,2.76,2.76,2.76,0,,2020/3/24,236.360001,247.690002,234.300003,246.880005,246.213516,71882800,1951.5,1955,1900.339966,1940.099976,1940.099976,7147100,10.05,10.39,9.1,9.25,9.25,1807600,155.210007,161.309998,152.570007,160.979996,160.979996,30440400,1103.77002,1135,1090.619995,1134.459961,1134.459961,3344500,16.440001,16.719999,14.9,15.19,15.19,911800,369.98999,372.929993,353.029999,357.320007,357.320007,11638700,5.86,6.12,5.2,5.71,5.71,568700,477.299988,513.690002,474,505,505,22895200,2.44,2.44,2.44,2.44,-5.172113,0
2020/4/3,242.800003,245.699997,238.970001,241.410004,240.75827,32470000,1911.150024,1926.329956,1889.150024,1906.589966,1906.589966,3609900,15.5,17.450001,15.03,15.82,15.82,11344200,157.149994,157.910004,150.830002,154.179993,154.179993,25983300,1119.015015,1123.540039,1079.810059,1097.880005,1097.880005,2313400,17.66,17.950001,16.799999,17.48,17.48,1054100,367.470001,370.899994,357.51001,361.76001,361.76001,4860800,4.87,5.2,4.81,5.09,5.09,293800,509.5,515.48999,468.390015,480.01001,480.01001,22562100,2.72,2.72,2.72,2.72,2.72,0,,2020/3/25,250.75,258.25,244.300003,245.520004,244.857178,75900500,1920.689941,1950.26001,1885.780029,1885.839966,1885.839966,6479100,9.14,9.15,8.56,8.68,8.68,1620300,158.919998,162.990005,153.059998,156.210007,156.210007,35184300,1126.469971,1148.900024,1086.01001,1102.48999,1102.48999,4081500,15.3,15.42,13.8,14.29,14.29,731100,361.019989,362,339.170013,342.390015,342.390015,8767200,5.2,5.29,4.6,4.8,4.8,790800,545.25,557,511.109985,539.25,539.25,21222700,2.76,2.76,2.76,2.76,-5.850422,0
2020/4/6,250.899994,263.109985,249.380005,262.470001,261.761414,50455100,1936,1998.52002,1930.02002,1997.589966,1997.589966,5773200,16.049999,17.1,14.02,14.96,14.96,4718100,160.149994,166.199997,158.509995,165.550003,165.550003,28453600,1138,1194.660034,1130.939941,1186.920044,1186.920044,2664700,17.469999,18.41,16.1,16.700001,16.700001,898300,365.220001,380.290009,361.709991,379.959991,379.959991,8183900,5.13,5.35,5.09,5.25,5.25,252600,511.200012,521,497.959991,516.23999,516.23999,14901800,2.62,2.62,2.62,2.62,2.62,0,,2020/3/26,246.520004,258.679993,246.360001,258.440002,257.74231,63021800,1902,1956.48999,1889.290039,1955.48999,1955.48999,6221300,9.61,9.64,8.75,9.35,9.35,2205400,158.25,164,157.020004,163.339996,163.339996,26556800,1111.800049,1169.969971,1093.530029,1161.75,1161.75,3571700,14.43,15.59,14.4,15.43,15.43,465800,344,363.839996,341.730011,362.98999,362.98999,7229600,4.88,5.6,4.88,5.57,5.57,701300,547.390015,560,512.25,528.159973,528.159973,17380700,2.82,2.82,2.82,2.82,-5.977605,0
2020/4/7,270.799988,271.700012,259,259.429993,258.729614,50721800,2017.109985,2035.719971,1997.619995,2011.599976,2011.599976,5114000,13.55,13.92,12.3,12.32,12.32,5537900,171.789993,173.389999,166.009995,168.830002,168.830002,31411900,1221,1225,1182.22998,1186.51001,1186.51001,2387300,16.379999,16.379999,14.8,14.96,14.96,1015200,380,381.329987,369.339996,372.279999,372.279999,7046400,5.26,5.63,5.26,5.38,5.38,342400,545,565,532.340027,545.450012,545.450012,17919800,2.88,2.88,2.88,2.88,2.88,0,,2020/3/27,252.75,255.869995,247.050003,247.740005,247.071182,51054200,1930.859985,1939.790039,1899.920044,1900.099976,1900.099976,5387900,9.64,11.61,9.26,11.2,11.2,7669600,158.199997,160.089996,154.75,156.789993,156.789993,24879900,1125.670044,1150.670044,1105.910034,1110.709961,1110.709961,3208500,16.049999,16.33,15.29,15.56,15.56,896600,359.089996,368.559998,353,357.119995,357.119995,7948800,6,6,5.28,5.68,5.68,420300,505,525.799988,494.029999,514.359985,514.359985,14377400,2.68,2.68,2.68,2.68,-5.680845,0
2020/4/8,262.73999,267.369995,261.230011,266.070007,265.351715,42223800,2021,2044,2011.150024,2043,2043,3977300,14.16,14.2,12.91,13,13,4874900,171.25,175,167.740005,174.279999,174.279999,21664200,1206.5,1219.069946,1188.160034,1210.280029,1210.280029,1975100,15,15.75,14.95,14.95,14.95,492200,374.01001,378.390015,368.309998,371.119995,371.119995,6908900,5.35,5.8,5.34,5.51,5.51,289900,554.200012,557.210022,533.330017,548.840027,548.840027,12656000,2.96,2.96,2.96,2.96,2.96,0,,2020/3/28,#N/A,#N/A,#N/A,#N/A,#N/A,#N/A,#N/A,#N/A,#N/A,#N/A,#N/A,#N/A,#N/A,#N/A,#N/A,#N/A,#N/A,#N/A,#N/A,#N/A,#N/A,#N/A,#N/A,#N/A,#N/A,#N/A,#N/A,#N/A,#N/A,#N/A,#N/A,#N/A,#N/A,#N/A,#N/A,#N/A,#N/A,#N/A,#N/A,#N/A,#N/A,#N/A,#N/A,#N/A,#N/A,#N/A,#N/A,#N/A,#N/A,#N/A,#N/A,#N/A,#N/A,#N/A,#N/A,#N/A,#N/A,#N/A,#N/A,#N/A
2020/4/9,268.700012,270.070007,264.700012,267.98999,267.26651,40529100,2044.300049,2053,2017.660034,2042.76001,2042.76001,4655600,12.7,12.96,11.8,12.3,12.3,3138600,175.899994,177.080002,171.570007,175.190002,175.190002,23534300,1224.079956,1225.569946,1196.734985,1211.449951,1211.449951,2175400,15,15.41,14.16,14.39,14.39,801700,371.059998,372.100006,363.029999,370.720001,370.720001,7711300,5.42,5.62,5.07,5.46,5.46,300700,562.090027,575.179993,557.109985,573,573,13650000,3.02,3.02,3.02,3.02,3.02,0,,2020/3/29,#N/A,#N/A,#N/A,#N/A,#N/A,#N/A,#N/A,#N/A,#N/A,#N/A,#N/A,#N/A,#N/A,#N/A,#N/A,#N/A,#N/A,#N/A,#N/A,#N/A,#N/A,#N/A,#N/A,#N/A,#N/A,#N/A,#N/A,#N/A,#N/A,#N/A,#N/A,#N/A,#N/A,#N/A,#N/A,#N/A,#N/A,#N/A,#N/A,#N/A,#N/A,#N/A,#N/A,#N/A,#N/A,#N/A,#N/A,#N/A,#N/A,#N/A,#N/A,#N/A,#N/A,#N/A,#N/A,#N/A,#N/A,#N/A,#N/A,#N/A
2020/4/13,268.309998,273.700012,265.829987,273.25,272.512329,32755700,2040,2180,2038,2168.870117,2168.870117,6716700,12.34,12.6,11.5,12.25,12.25,2110500,173.669998,175,169.449997,174.789993,174.789993,19355400,1209.180054,1220.51001,1187.598022,1217.560059,1217.560059,1739800,14.5,16.24,14.5,15.98,15.98,881400,371.309998,400.51001,367.700012,396.720001,396.720001,11692900,5.34,5.88,5.34,5.72,5.72,410500,590.159973,652,580.530029,650.950012,650.950012,22475400,3.02,3.02,3.02,3.02,3.02,0,,2020/3/30,250.740005,255.520004,249.399994,254.809998,254.122101,41994100,1922.829956,1973.630005,1912.339966,1963.949951,1963.949951,6126100,13.75,14.4,12.31,13.32,13.32,8252300,159.179993,166.75,158.059998,165.949997,165.949997,22515200,1125.040039,1151.630005,1096.47998,1146.819946,1146.819946,2574100,16.33,16.870001,15.9,16.16,16.16,921300,363,377.799988,361.170013,370.959991,370.959991,8622000,5.7,6,5.45,5.68,5.68,382800,510.26001,516.650024,491.230011,502.130005,502.130005,11998100,2.84,2.84,2.84,2.84,-6.02,0
2020/4/14,280,288.25,278.049988,287.049988,286.275055,48748700,2200.469971,2292,2186.209961,2283.320068,2283.320068,8087200,11.65,13.58,11.6,12.95,12.95,3810800,178.979996,181.229996,176.619995,178.169998,178.169998,21011800,1245.089966,1282.069946,1236.930054,1269.22998,1269.22998,2470400,16,16.639999,15.27,16.5,16.5,993200,397.5,417.820007,394.850006,413.549988,413.549988,11581000,5.5,5.74,5.31,5.49,5.49,290400,698.969971,741.880005,692.429993,709.890015,709.890015,30576500,3.12,3.12,3.12,3.12,3.12,0,,2020/3/31,255.600006,262.48999,252,254.289993,253.6035,49250500,1964.349976,1993.02002,1944.01001,1949.719971,1949.719971,5123600,12,13,11.55,12.08,12.08,2844800,165.479996,170.929993,164.199997,166.800003,166.800003,23676300,1147.300049,1175.310059,1138.140015,1162.810059,1162.810059,2486400,16.07,16.32,15.5,15.5,15.5,559200,367.929993,383.01001,366.440002,375.5,375.5,9366500,6.15,6.18,5.48,5.74,5.74,316800,501.25,542.960022,497,524,524,17771500,2.84,2.84,2.84,2.84,2.84,0
2020/4/15,282.399994,286.329987,280.630005,284.429993,283.66214,32788600,2257.679932,2333.370117,2245,2307.679932,2307.679932,6866600,12.34,14.5,12.28,13.73,13.73,5150400,175.190002,178.190002,172.820007,176.970001,176.970001,17423000,1245.609985,1280.459961,1240.400024,1262.469971,1262.469971,1671700,16.549999,18,16.549999,17.200001,17.200001,2292500,413,434.980011,412.25,426.75,426.75,13561200,5.26,5.5,5.22,5.44,5.44,168300,742,753.130005,710,729.830017,729.830017,23577000,3.08,3.08,3.08,3.08,3.08,0,,2020/4/1,246.5,248.720001,239.130005,240.910004,240.259628,44054600,1932.969971,1944.959961,1893,1907.699951,1907.699951,4121900,12.54,17.540001,12.2,17.200001,17.200001,20958800,161.619995,164.149994,158.039993,159.600006,159.600006,19507600,1122,1129.689941,1097.449951,1105.619995,1105.619995,2344200,15.48,17.85,15.07,17.549999,17.549999,1910100,376.049988,380.230011,361.019989,364.079987,364.079987,6672500,5.75,5.99,5.42,5.59,5.59,398700,504,513.950012,475.100006,481.559998,481.559998,13353200,2.9,2.9,2.9,2.9,2.9,0
2020/4/16,287.380005,288.200012,282.350006,286.690002,285.916046,39281300,2346,2461,2335,2408.189941,2408.189941,12038200,13.28,14.64,13.05,14.45,14.45,3800100,177.949997,178.050003,172.509995,176.25,176.25,23593200,1274.099976,1279,1242.619995,1263.469971,1263.469971,2518100,15.63,16.82,15,16.610001,16.610001,2116900,437,449.519989,431.609985,439.170013,439.170013,16128700,5.4,5.75,5.34,5.74,5.74,341400,716.940002,759.450012,706.719971,745.210022,745.210022,20657900,3.08,3.08,3.08,3.08,3.08,0,,2020/4/2,240.339996,245.149994,236.899994,244.929993,244.268768,41483500,1901.640015,1927.530029,1890,1918.829956,1918.829956,4336000,16.049999,18.75,13.8,14.63,14.63,16916900,159.100006,161.350006,155.919998,158.190002,158.190002,20886300,1098.26001,1126.859985,1096.400024,1120.839966,1120.839966,1964900,17.1,18.33,15.36,16.950001,16.950001,2078400,364.079987,370.98999,360.059998,370.079987,370.079987,4592500,5.17,5.63,5.05,5.2,5.2,371300,481.029999,494.26001,446.399994,454.470001,454.470001,19858400,2.76,2.76,2.76,2.76,2.76,0
2020/4/17,284.690002,286.950012,276.859985,282.799988,282.03653,53812500,2372.330078,2400,2316.02002,2375,2375,7930000,13.41,13.93,13,13.28,13.28,2754200,179.199997,180.279999,176.660004,179.240005,179.240005,20974800,1284.849976,1294.430054,1271.22998,1283.25,1283.25,1949000,15.74,17,15.63,16.120001,16.120001,903100,431,432,414.700012,422.959991,422.959991,12616300,5.43,5.6,5.3,5.34,5.34,286500,772.280029,774.950012,747.659973,753.890015,753.890015,13128200,3.26,3.26,3.26,3.26,3.26,0,,2020/4/3,242.800003,245.699997,238.970001,241.410004,240.75827,32470000,1911.150024,1926.329956,1889.150024,1906.589966,1906.589966,3609900,15.5,17.450001,15.03,15.82,15.82,11344200,157.149994,157.910004,150.830002,154.179993,154.179993,25983300,1119.015015,1123.540039,1079.810059,1097.880005,1097.880005,2313400,17.66,17.950001,16.799999,17.48,17.48,1054100,367.470001,370.899994,357.51001,361.76001,361.76001,4860800,4.87,5.2,4.81,5.09,5.09,293800,509.5,515.48999,468.390015,480.01001,480.01001,22562100,2.72,2.72,2.72,2.72,2.72,0
2020/4/20,277.950012,281.679993,276.850006,276.929993,276.182373,32503800,2389.949951,2444.97998,2386.050049,2393.610107,2393.610107,5770700,13.7,14.39,13.3,13.92,13.92,3386900,177.410004,180.5,176.770004,178.240005,178.240005,16110700,1271,1281.599976,1261.369995,1266.609985,1266.609985,1695500,16.15,16.690001,15.69,16.299999,16.299999,808800,435.170013,444.48999,430.559998,437.48999,437.48999,12655800,5.34,5.74,5.31,5.74,5.74,431800,732.700012,765.570007,712.210022,746.359985,746.359985,14746600,3.32,3.32,3.32,3.32,3.32,0,,2020/4/4,#N/A,#N/A,#N/A,#N/A,#N/A,#N/A,#N/A,#N/A,#N/A,#N/A,#N/A,#N/A,#N/A,#N/A,#N/A,#N/A,#N/A,#N/A,#N/A,#N/A,#N/A,#N/A,#N/A,#N/A,#N/A,#N/A,#N/A,#N/A,#N/A,#N/A,#N/A,#N/A,#N/A,#N/A,#N/A,#N/A,#N/A,#N/A,#N/A,#N/A,#N/A,#N/A,#N/A,#N/A,#N/A,#N/A,#N/A,#N/A,#N/A,#N/A,#N/A,#N/A,#N/A,#N/A,#N/A,#N/A,#N/A,#N/A,#N/A,#N/A
2020/4/21,276.279999,277.25,265.429993,268.369995,267.645477,45247900,2416.610107,2428.310059,2279.659912,2328.120117,2328.120117,7476700,13.45,14.52,13.42,13.75,13.75,2078000,175.25,175.380005,168.339996,170.800003,170.800003,24850500,1247,1254.27002,1209.709961,1216.339966,1216.339966,2153000,16.190001,17.4,16.059999,16.469999,16.469999,1133600,444.769989,447,425.600006,433.829987,433.829987,23177600,5.39,8.03,5.39,7.67,7.67,5809600,730.119995,753.330017,673.789978,686.719971,686.719971,20209100,3.26,3.26,3.26,3.26,3.26,0,,2020/4/5,#N/A,#N/A,#N/A,#N/A,#N/A,#N/A,#N/A,#N/A,#N/A,#N/A,#N/A,#N/A,#N/A,#N/A,#N/A,#N/A,#N/A,#N/A,#N/A,#N/A,#N/A,#N/A,#N/A,#N/A,#N/A,#N/A,#N/A,#N/A,#N/A,#N/A,#N/A,#N/A,#N/A,#N/A,#N/A,#N/A,#N/A,#N/A,#N/A,#N/A,#N/A,#N/A,#N/A,#N/A,#N/A,#N/A,#N/A,#N/A,#N/A,#N/A,#N/A,#N/A,#N/A,#N/A,#N/A,#N/A,#N/A,#N/A,#N/A,#N/A
2020/4/22,273.609985,277.899994,272.200012,276.100006,275.354614,29264300,2369,2394,2351,2363.48999,2363.48999,4218300,13.63,14.4,12.72,13.14,13.14,1830400,178.449997,184.779999,178.139999,182.279999,182.279999,33369900,1245.540039,1285.613037,1242,1263.209961,1263.209961,2093100,16.5,16.709999,15.1,15.57,15.57,837800,429.730011,433,413,421.420013,421.420013,21123800,7.01,7.71,6.8,7.05,7.05,1662100,703.97998,734,688.710022,732.109985,732.109985,14224800,3.22,3.22,3.22,3.22,3.22,0,,2020/4/6,250.899994,263.109985,249.380005,262.470001,261.761414,50455100,1936,1998.52002,1930.02002,1997.589966,1997.589966,5773200,16.049999,17.1,14.02,14.96,14.96,4718100,160.149994,166.199997,158.509995,165.550003,165.550003,28453600,1138,1194.660034,1130.939941,1186.920044,1186.920044,2664700,17.469999,18.41,16.1,16.700001,16.700001,898300,365.220001,380.290009,361.709991,379.959991,379.959991,8183900,5.13,5.35,5.09,5.25,5.25,252600,511.200012,521,497.959991,516.23999,516.23999,14901800,2.62,2.62,2.62,2.62,2.62,0
2020/4/23,275.869995,281.75,274.869995,275.029999,274.287506,31203600,2399.97998,2424.219971,2382.080078,2399.449951,2399.449951,5066600,13.3,14.5,12.73,14.5,14.5,4736800,184.080002,187.050003,183.149994,185.130005,185.130005,21426600,1271.550049,1293.310059,1265.670044,1276.310059,1276.310059,1566200,15.3,16.07,14.75,15.76,15.76,1043100,419.26001,438.410004,419.26001,426.700012,426.700012,13952300,6.25,6.63,6.07,6.38,6.38,977900,727.599976,734,703.130005,705.630005,705.630005,13236700,3.32,3.32,3.32,3.32,3.32,0,,2020/4/7,270.799988,271.700012,259,259.429993,258.729614,50721800,2017.109985,2035.719971,1997.619995,2011.599976,2011.599976,5114000,13.55,13.92,12.3,12.32,12.32,5537900,171.789993,173.389999,166.009995,168.830002,168.830002,31411900,1221,1225,1182.22998,1186.51001,1186.51001,2387300,16.379999,16.379999,14.8,14.96,14.96,1015200,380,381.329987,369.339996,372.279999,372.279999,7046400,5.26,5.63,5.26,5.38,5.38,342400,545,565,532.340027,545.450012,545.450012,17919800,2.88,2.88,2.88,2.88,2.88,0
2020/4/24,277.200012,283.01001,277,282.970001,282.206085,31627200,2417,2420.429932,2382,2410.219971,2410.219971,3831800,14.75,15.69,13.75,13.96,13.96,5147700,183.229996,190.410004,180.830002,190.070007,190.070007,28868500,1261.170044,1280.400024,1249.449951,1279.310059,1279.310059,1640400,15.7,16.190001,15.01,15.22,15.22,830700,425,427.170013,415.880005,424.98999,424.98999,8670400,6.19,6.75,6.14,6.45,6.45,499600,710.809998,730.72998,698.179993,725.150024,725.150024,13237600,3.46,3.46,3.46,3.46,3.46,0,,2020/4/8,262.73999,267.369995,261.230011,266.070007,265.351715,42223800,2021,2044,2011.150024,2043,2043,3977300,14.16,14.2,12.91,13,13,4874900,171.25,175,167.740005,174.279999,174.279999,21664200,1206.5,1219.069946,1188.160034,1210.280029,1210.280029,1975100,15,15.75,14.95,14.95,14.95,492200,374.01001,378.390015,368.309998,371.119995,371.119995,6908900,5.35,5.8,5.34,5.51,5.51,289900,554.200012,557.210022,533.330017,548.840027,548.840027,12656000,2.96,2.96,2.96,2.96,2.96,0
2020/4/27,281.799988,284.540009,279.950012,283.170013,282.405548,29271900,2443.199951,2444.879883,2363,2376,2376,5645600,13.98,14.29,13.55,13.85,13.85,1742000,192.660004,193.75,187.410004,187.5,187.5,29197800,1296,1296.150024,1269,1275.880005,1275.880005,1600600,15.22,15.58,14.65,15.05,15.05,1078800,425,429,420.839996,421.380005,421.380005,6277500,6.16,6.45,6.05,6.2,6.2,454200,737.609985,799.48999,735,798.75,798.75,20681400,3.54,3.54,3.54,3.54,3.54,0,,2020/4/9,268.700012,270.070007,264.700012,267.98999,267.26651,40529100,2044.300049,2053,2017.660034,2042.76001,2042.76001,4655600,12.7,12.96,11.8,12.3,12.3,3138600,175.899994,177.080002,171.570007,175.190002,175.190002,23534300,1224.079956,1225.569946,1196.734985,1211.449951,1211.449951,2175400,15,15.41,14.16,14.39,14.39,801700,371.059998,372.100006,363.029999,370.720001,370.720001,7711300,5.42,5.62,5.07,5.46,5.46,300700,562.090027,575.179993,557.109985,573,573,13650000,3.02,3.02,3.02,3.02,3.02,0
2020/4/28,285.079987,285.829987,278.200012,278.579987,277.827911,28001200,2372.100098,2373.5,2306,2314.080078,2314.080078,5269400,13.87,13.99,13.33,13.46,13.46,1373100,188.660004,189.199997,182.559998,182.910004,182.910004,21731000,1287.930054,1288.050049,1232.199951,1233.670044,1233.670044,2951300,15.05,15.44,14.7,14.76,14.76,661500,419.98999,421,402.910004,403.829987,403.829987,10101200,6.22,6.4,6.05,6.2,6.2,358400,795.640015,805,756.690002,769.119995,769.119995,15222000,3.44,3.44,3.44,3.44,3.44,0,,2020/4/10,#N/A,#N/A,#N/A,#N/A,#N/A,#N/A,#N/A,#N/A,#N/A,#N/A,#N/A,#N/A,#N/A,#N/A,#N/A,#N/A,#N/A,#N/A,#N/A,#N/A,#N/A,#N/A,#N/A,#N/A,#N/A,#N/A,#N/A,#N/A,#N/A,#N/A,#N/A,#N/A,#N/A,#N/A,#N/A,#N/A,#N/A,#N/A,#N/A,#N/A,#N/A,#N/A,#N/A,#N/A,#N/A,#N/A,#N/A,#N/A,#N/A,#N/A,#N/A,#N/A,#N/A,#N/A,#N/A,#N/A,#N/A,#N/A,#N/A,#N/A
2020/4/29,284.730011,289.670013,283.890015,287.730011,286.953247,34320200,2330.01001,2391.889893,2310,2372.709961,2372.709961,4591600,13.32,13.41,12.98,13.2,13.2,1421300,190.929993,196.910004,190,194.190002,194.190002,45954500,1341.459961,1359.98999,1325.339966,1341.47998,1341.47998,3793600,14.77,14.98,14.3,14.3,14.3,718800,399.529999,415.859985,393.600006,411.890015,411.890015,9693100,6.25,6.29,5.78,5.81,5.81,421900,790.169983,803.200012,783.159973,800.51001,800.51001,16216000,3.46,3.46,3.46,3.46,3.46,0,,2020/4/11,#N/A,#N/A,#N/A,#N/A,#N/A,#N/A,#N/A,#N/A,#N/A,#N/A,#N/A,#N/A,#N/A,#N/A,#N/A,#N/A,#N/A,#N/A,#N/A,#N/A,#N/A,#N/A,#N/A,#N/A,#N/A,#N/A,#N/A,#N/A,#N/A,#N/A,#N/A,#N/A,#N/A,#N/A,#N/A,#N/A,#N/A,#N/A,#N/A,#N/A,#N/A,#N/A,#N/A,#N/A,#N/A,#N/A,#N/A,#N/A,#N/A,#N/A,#N/A,#N/A,#N/A,#N/A,#N/A,#N/A,#N/A,#N/A,#N/A,#N/A
2020/4/30,289.959991,294.529999,288.350006,293.799988,293.006836,45457600,2419.840088,2475,2396.01001,2474,2474,9415000,12.96,13.38,11.8,13.08,13.08,3687800,206.919998,209.690002,201.570007,204.710007,204.710007,46173300,1324.880005,1352.819946,1322.48999,1348.660034,1348.660034,2665400,14.27,14.35,13.58,13.62,13.62,841300,410.309998,424.440002,408,419.850006,419.850006,7939400,5.78,6.09,5.6,6,6,250200,855.190002,869.820007,763.5,781.880005,781.880005,28400100,3.56,3.56,3.56,3.56,3.56,0,,2020/4/12,#N/A,#N/A,#N/A,#N/A,#N/A,#N/A,#N/A,#N/A,#N/A,#N/A,#N/A,#N/A,#N/A,#N/A,#N/A,#N/A,#N/A,#N/A,#N/A,#N/A,#N/A,#N/A,#N/A,#N/A,#N/A,#N/A,#N/A,#N/A,#N/A,#N/A,#N/A,#N/A,#N/A,#N/A,#N/A,#N/A,#N/A,#N/A,#N/A,#N/A,#N/A,#N/A,#N/A,#N/A,#N/A,#N/A,#N/A,#N/A,#N/A,#N/A,#N/A,#N/A,#N/A,#N/A,#N/A,#N/A,#N/A,#N/A,#N/A,#N/A
2020/5/1,286.25,299,285.850006,289.070007,288.289612,60154200,2336.800049,2362.439941,2258.189941,2286.040039,2286.040039,9772600,12.55,13,12.2,12.57,12.57,919900,201.600006,207.279999,199.050003,202.270004,202.270004,30415600,1328.5,1352.069946,1311,1320.609985,1320.609985,2072500,13.55,13.96,13.04,13.86,13.86,434700,415.100006,427.970001,411.730011,415.269989,415.269989,8299900,5.68,5.96,5.6,5.78,5.78,143700,755,772.77002,683.039978,701.320007,701.320007,32531800,3.52,3.52,3.52,3.52,3.52,0,,2020/4/13,268.309998,273.700012,265.829987,273.25,272.512329,32755700,2040,2180,2038,2168.870117,2168.870117,6716700,12.34,12.6,11.5,12.25,12.25,2110500,173.669998,175,169.449997,174.789993,174.789993,19355400,1209.180054,1220.51001,1187.598022,1217.560059,1217.560059,1739800,14.5,16.24,14.5,15.98,15.98,881400,371.309998,400.51001,367.700012,396.720001,396.720001,11692900,5.34,5.88,5.34,5.72,5.72,410500,590.159973,652,580.530029,650.950012,650.950012,22475400,3.02,3.02,3.02,3.02,3.02,0
2020/5/4,289.170013,293.690002,286.320007,293.160004,292.368561,33392000,2256.379883,2326.97998,2256.379883,2315.98999,2315.98999,4865900,12.72,13.74,12.31,13.59,13.59,2152200,200.199997,205.910004,198.759995,205.259995,205.259995,19250700,1308.22998,1327.660034,1299,1326.800049,1326.800049,1504000,13.79,14.24,13.3,13.82,13.82,622800,417.779999,428.540009,414.869995,428.149994,428.149994,7799100,6.2,6.7,6,6.63,6.63,1112300,701,762,698,761.190002,761.190002,19237100,3.62,3.62,3.62,3.62,3.62,0,,2020/4/14,280,288.25,278.049988,287.049988,286.275055,48748700,2200.469971,2292,2186.209961,2283.320068,2283.320068,8087200,11.65,13.58,11.6,12.95,12.95,3810800,178.979996,181.229996,176.619995,178.169998,178.169998,21011800,1245.089966,1282.069946,1236.930054,1269.22998,1269.22998,2470400,16,16.639999,15.27,16.5,16.5,993200,397.5,417.820007,394.850006,413.549988,413.549988,11581000,5.5,5.74,5.31,5.49,5.49,290400,698.969971,741.880005,692.429993,709.890015,709.890015,30576500,3.12,3.12,3.12,3.12,3.12,0
2020/5/5,295.059998,301,294.459991,297.559998,296.756683,36937800,2340,2351,2307.129883,2317.800049,2317.800049,3242500,13.2,13.8,12.87,12.88,12.88,1464700,207.020004,210.380005,206.5,207.070007,207.070007,21071200,1337.920044,1373.939941,1337.459961,1351.109985,1351.109985,1651500,13.9,14.19,13.35,13.35,13.35,449800,427.559998,431,421.559998,424.679993,424.679993,6286300,6.6,6.63,6.06,6.13,6.13,460200,789.789978,798.919983,762.179993,768.210022,768.210022,16991700,3.66,3.66,3.66,3.66,3.66,0,,2020/4/15,282.399994,286.329987,280.630005,284.429993,283.66214,32788600,2257.679932,2333.370117,2245,2307.679932,2307.679932,6866600,12.34,14.5,12.28,13.73,13.73,5150400,175.190002,178.190002,172.820007,176.970001,176.970001,17423000,1245.609985,1280.459961,1240.400024,1262.469971,1262.469971,1671700,16.549999,18,16.549999,17.200001,17.200001,2292500,413,434.980011,412.25,426.75,426.75,13561200,5.26,5.5,5.22,5.44,5.44,168300,742,753.130005,710,729.830017,729.830017,23577000,3.08,3.08,3.08,3.08,3.08,0
2020/5/6,300.459991,303.23999,298.869995,300.630005,299.81839,35583400,2329.439941,2357.449951,2320,2351.26001,2351.26001,3117800,14.4,14.68,12.5,13.42,13.42,5940200,208.119995,211.600006,206.660004,208.470001,208.470001,21857000,1361.689941,1371.119995,1347.290039,1347.300049,1347.300049,1215400,13.42,13.8,13.22,13.36,13.36,462000,429.299988,439.769989,426.390015,434.26001,434.26001,6660700,6.15,6.27,6,6.16,6.16,185500,776.5,789.799988,761.109985,782.580017,782.580017,11123200,3.78,3.88,3.78,3.88,3.88,900,,2020/4/16,287.380005,288.200012,282.350006,286.690002,285.916046,39281300,2346,2461,2335,2408.189941,2408.189941,12038200,13.28,14.64,13.05,14.45,14.45,3800100,177.949997,178.050003,172.509995,176.25,176.25,23593200,1274.099976,1279,1242.619995,1263.469971,1263.469971,2518100,15.63,16.82,15,16.610001,16.610001,2116900,437,449.519989,431.609985,439.170013,439.170013,16128700,5.4,5.75,5.34,5.74,5.74,341400,716.940002,759.450012,706.719971,745.210022,745.210022,20657900,3.08,3.08,3.08,3.08,3.08,0
2020/5/7,303.220001,305.170013,301.970001,303.73999,302.919983,28803800,2374.780029,2376,2343.110107,2367.610107,2367.610107,3396400,13.26,13.6,12.94,13.5,13.5,1788100,211.160004,211.600006,209.039993,211.259995,211.259995,15152000,1365.939941,1377.599976,1355.27002,1372.560059,1372.560059,1397600,13.36,13.65,13.28,13.31,13.31,241800,436.890015,438.880005,430.660004,436.529999,436.529999,5641900,6.29,6.29,6.11,6.14,6.14,119700,777.210022,796.400024,772.349976,780.039978,780.039978,11527700,3.72,3.72,3.72,3.72,3.72,0,,2020/4/17,284.690002,286.950012,276.859985,282.799988,282.03653,53812500,2372.330078,2400,2316.02002,2375,2375,7930000,13.41,13.93,13,13.28,13.28,2754200,179.199997,180.279999,176.660004,179.240005,179.240005,20974800,1284.849976,1294.430054,1271.22998,1283.25,1283.25,1949000,15.74,17,15.63,16.120001,16.120001,903100,431,432,414.700012,422.959991,422.959991,12616300,5.43,5.6,5.3,5.34,5.34,286500,772.280029,774.950012,747.659973,753.890015,753.890015,13128200,3.26,3.26,3.26,3.26,3.26,0
2020/5/8,305.640015,310.350006,304.290009,310.130005,310.130005,33512000,2372.139893,2387.23999,2357,2379.610107,2379.610107,3211200,13.26,13.58,12.9,13.05,13.05,1243800,212.240005,213.210007,210.850006,212.350006,212.350006,12524000,1383.130005,1398.76001,1375.47998,1388.369995,1388.369995,1388100,13.5,13.66,13.06,13.11,13.11,318900,434.140015,442,433.640015,435.549988,435.549988,5054300,6.09,6.36,6.03,6.3,6.3,169700,793.77002,824,787.01001,819.419983,819.419983,16130100,3.74,3.74,3.74,3.74,3.74,0,,2020/4/18,#N/A,#N/A,#N/A,#N/A,#N/A,#N/A,#N/A,#N/A,#N/A,#N/A,#N/A,#N/A,#N/A,#N/A,#N/A,#N/A,#N/A,#N/A,#N/A,#N/A,#N/A,#N/A,#N/A,#N/A,#N/A,#N/A,#N/A,#N/A,#N/A,#N/A,#N/A,#N/A,#N/A,#N/A,#N/A,#N/A,#N/A,#N/A,#N/A,#N/A,#N/A,#N/A,#N/A,#N/A,#N/A,#N/A,#N/A,#N/A,#N/A,#N/A,#N/A,#N/A,#N/A,#N/A,#N/A,#N/A,#N/A,#N/A,#N/A,#N/A
2020/5/11,308.100006,317.049988,307.23999,315.01001,315.01001,36405900,2374.699951,2419.669922,2372.110107,2409,2409,3253700,13.05,13.27,12.6,12.88,12.88,1546900,210.889999,215,210.369995,213.179993,213.179993,12893100,1378.280029,1416.530029,1377.151978,1403.26001,1403.26001,1410600,13.11,13.5,12.44,13.41,13.41,674800,436.329987,444.890015,435.559998,440.519989,440.519989,5480300,6.24,7.35,6.24,7.11,7.11,747400,790.51001,824,785,811.289978,811.289978,16519600,3.72,3.72,3.72,3.72,3.72,0,,2020/4/19,#N/A,#N/A,#N/A,#N/A,#N/A,#N/A,#N/A,#N/A,#N/A,#N/A,#N/A,#N/A,#N/A,#N/A,#N/A,#N/A,#N/A,#N/A,#N/A,#N/A,#N/A,#N/A,#N/A,#N/A,#N/A,#N/A,#N/A,#N/A,#N/A,#N/A,#N/A,#N/A,#N/A,#N/A,#N/A,#N/A,#N/A,#N/A,#N/A,#N/A,#N/A,#N/A,#N/A,#N/A,#N/A,#N/A,#N/A,#N/A,#N/A,#N/A,#N/A,#N/A,#N/A,#N/A,#N/A,#N/A,#N/A,#N/A,#N/A,#N/A
2020/5/12,317.829987,319.690002,310.910004,311.410004,311.410004,40575300,2411.850098,2419,2355,2356.949951,2356.949951,3074900,12.81,14.1,12.69,13.84,13.84,3857200,213.289993,215.279999,210,210.100006,210.100006,14704600,1407.119995,1415,1374.77002,1375.73999,1375.73999,1390600,13.4,14.02,13.34,13.76,13.76,671600,442,444.170013,431.359985,431.820007,431.820007,4598200,9.65,10.6,8.41,9.12,9.12,12429100,827,843.289978,808,809.409973,809.409973,15906900,3.78,3.78,3.78,3.78,3.78,0,,2020/4/20,277.950012,281.679993,276.850006,276.929993,276.182373,32503800,2389.949951,2444.97998,2386.050049,2393.610107,2393.610107,5770700,13.7,14.39,13.3,13.92,13.92,3386900,177.410004,180.5,176.770004,178.240005,178.240005,16110700,1271,1281.599976,1261.369995,1266.609985,1266.609985,1695500,16.15,16.690001,15.69,16.299999,16.299999,808800,435.170013,444.48999,430.559998,437.48999,437.48999,12655800,5.34,5.74,5.31,5.74,5.74,431800,732.700012,765.570007,712.210022,746.359985,746.359985,14746600,3.32,3.32,3.32,3.32,3.32,0
2020/5/13,312.149994,315.950012,303.209991,307.649994,307.649994,50155600,2366.800049,2407.699951,2337.800049,2367.919922,2367.919922,4782900,14.06,14.78,12.91,13.1,13.1,3637000,209.429993,210.779999,202.110001,205.100006,205.100006,20684600,1377.050049,1385.482056,1328.400024,1349.329956,1349.329956,1812600,13.75,13.96,12.67,12.87,12.87,494200,435.690002,447,427.269989,438.269989,438.269989,7014600,8.75,10.58,8.11,10.54,10.54,2424800,820.830017,826,763.299988,790.960022,790.960022,19065500,3.74,3.74,3.74,3.74,3.74,0,,2020/4/21,276.279999,277.25,265.429993,268.369995,267.645477,45247900,2416.610107,2428.310059,2279.659912,2328.120117,2328.120117,7476700,13.45,14.52,13.42,13.75,13.75,2078000,175.25,175.380005,168.339996,170.800003,170.800003,24850500,1247,1254.27002,1209.709961,1216.339966,1216.339966,2153000,16.190001,17.4,16.059999,16.469999,16.469999,1133600,444.769989,447,425.600006,433.829987,433.829987,23177600,5.39,8.03,5.39,7.67,7.67,5809600,730.119995,753.330017,673.789978,686.719971,686.719971,20209100,3.26,3.26,3.26,3.26,3.26,0
2020/5/14,304.51001,309.790009,301.529999,309.540009,309.540009,39732300,2361.01001,2391.370117,2353.209961,2388.850098,2388.850098,3648100,13.3,17,13.2,16.35,16.35,15819000,202.559998,206.929993,200.690002,206.809998,206.809998,17178900,1335.02002,1357.420044,1323.910034,1356.130005,1356.130005,1603100,12.96,14.29,12.52,13.8,13.8,1342000,444.899994,452.380005,432.820007,441.950012,441.950012,9007500,11.05,12.2,10.54,11.56,11.56,3040800,780,803.359985,764,803.330017,803.330017,13682200,3.72,3.72,3.72,3.72,3.72,0,,2020/4/22,273.609985,277.899994,272.200012,276.100006,275.354614,29264300,2369,2394,2351,2363.48999,2363.48999,4218300,13.63,14.4,12.72,13.14,13.14,1830400,178.449997,184.779999,178.139999,182.279999,182.279999,33369900,1245.540039,1285.613037,1242,1263.209961,1263.209961,2093100,16.5,16.709999,15.1,15.57,15.57,837800,429.730011,433,413,421.420013,421.420013,21123800,7.01,7.71,6.8,7.05,7.05,1662100,703.97998,734,688.710022,732.109985,732.109985,14224800,3.22,3.22,3.22,3.22,3.22,0
2020/5/15,300.350006,307.899994,300.209991,307.709991,307.709991,41587100,2368.52002,2411,2356.370117,2409.780029,2409.780029,4235000,15.55,16.16,14.5,14.97,14.97,5468900,205.270004,211.339996,204.119995,210.880005,210.880005,19383200,1350,1374.47998,1339,1373.189941,1373.189941,1707700,13.85,14.1,13.51,13.8,13.8,366500,440.700012,455,437.51001,454.190002,454.190002,7244000,10.64,11.28,9.51,9.63,9.63,1371100,790.349976,805.049988,786.549988,799.169983,799.169983,10518400,3.66,3.66,3.66,3.66,3.66,0,,2020/4/23,275.869995,281.75,274.869995,275.029999,274.287506,31203600,2399.97998,2424.219971,2382.080078,2399.449951,2399.449951,5066600,13.3,14.5,12.73,14.5,14.5,4736800,184.080002,187.050003,183.149994,185.130005,185.130005,21426600,1271.550049,1293.310059,1265.670044,1276.310059,1276.310059,1566200,15.3,16.07,14.75,15.76,15.76,1043100,419.26001,438.410004,419.26001,426.700012,426.700012,13952300,6.25,6.63,6.07,6.38,6.38,977900,727.599976,734,703.130005,705.630005,705.630005,13236700,3.32,3.32,3.32,3.32,3.32,0
2020/5/18,313.170013,316.5,310.320007,314.959991,314.959991,33843100,2404.350098,2433,2384.01001,2426.26001,2426.26001,4366600,15.02,15.07,12.7,14.18,14.18,5017800,212.149994,214.639999,210.940002,213.190002,213.190002,20167400,1361.75,1392.324951,1354.25,1383.939941,1383.939941,1824000,13.62,13.87,12.93,13.61,13.61,727200,451.160004,456.359985,443.350006,452.579987,452.579987,7780300,9.53,10.6,8.55,10.14,10.14,1471100,827.780029,834.719971,803.880005,813.630005,813.630005,11698100,3.7,3.7,3.7,3.7,3.7,0,,2020/4/24,277.200012,283.01001,277,282.970001,282.206085,31627200,2417,2420.429932,2382,2410.219971,2410.219971,3831800,14.75,15.69,13.75,13.96,13.96,5147700,183.229996,190.410004,180.830002,190.070007,190.070007,28868500,1261.170044,1280.400024,1249.449951,1279.310059,1279.310059,1640400,15.7,16.190001,15.01,15.22,15.22,830700,425,427.170013,415.880005,424.98999,424.98999,8670400,6.19,6.75,6.14,6.45,6.45,499600,710.809998,730.72998,698.179993,725.150024,725.150024,13237600,3.46,3.46,3.46,3.46,3.46,0
2020/5/19,315.029999,318.519989,313.01001,313.140015,313.140015,25432400,2429.830078,2485,2428.969971,2449.330078,2449.330078,4320500,13.61,14.31,13.44,13.83,13.83,1395400,213.270004,220.490005,212.830002,216.880005,216.880005,31843200,1386.996948,1392,1373.484985,1373.484985,1373.484985,1280600,13.58,14.07,13.43,13.7,13.7,304800,453.399994,458.970001,450.470001,451.040009,451.040009,4810500,9.73,10.06,9.4,9.65,9.65,719100,815.169983,822.070007,806.080017,808.01001,808.01001,9636500,3.72,3.72,3.72,3.72,3.72,0,,2020/4/25,#N/A,#N/A,#N/A,#N/A,#N/A,#N/A,#N/A,#N/A,#N/A,#N/A,#N/A,#N/A,#N/A,#N/A,#N/A,#N/A,#N/A,#N/A,#N/A,#N/A,#N/A,#N/A,#N/A,#N/A,#N/A,#N/A,#N/A,#N/A,#N/A,#N/A,#N/A,#N/A,#N/A,#N/A,#N/A,#N/A,#N/A,#N/A,#N/A,#N/A,#N/A,#N/A,#N/A,#N/A,#N/A,#N/A,#N/A,#N/A,#N/A,#N/A,#N/A,#N/A,#N/A,#N/A,#N/A,#N/A,#N/A,#N/A,#N/A,#N/A
2020/5/20,316.679993,319.519989,316.519989,319.230011,319.230011,27876200,2477.870117,2500.01001,2467.27002,2497.939941,2497.939941,3998100,13.55,14.14,13.5,13.86,13.86,997200,223.5,231.339996,223.190002,229.970001,229.970001,50162900,1389.579956,1410.420044,1387.25,1406.719971,1406.719971,1655400,13.53,13.98,13.52,13.72,13.72,219500,454.25,455.809998,444,447.670013,447.670013,5607300,8.69,9.58,8.66,9.09,9.09,1283200,820.5,826,811.799988,815.559998,815.559998,7309300,3.74,3.74,3.74,3.74,3.74,0,,2020/4/26,#N/A,#N/A,#N/A,#N/A,#N/A,#N/A,#N/A,#N/A,#N/A,#N/A,#N/A,#N/A,#N/A,#N/A,#N/A,#N/A,#N/A,#N/A,#N/A,#N/A,#N/A,#N/A,#N/A,#N/A,#N/A,#N/A,#N/A,#N/A,#N/A,#N/A,#N/A,#N/A,#N/A,#N/A,#N/A,#N/A,#N/A,#N/A,#N/A,#N/A,#N/A,#N/A,#N/A,#N/A,#N/A,#N/A,#N/A,#N/A,#N/A,#N/A,#N/A,#N/A,#N/A,#N/A,#N/A,#N/A,#N/A,#N/A,#N/A,#N/A
2020/5/21,318.660004,320.890015,315.869995,316.850006,316.850006,25672200,2500,2525.449951,2442.540039,2446.73999,2446.73999,5114400,13.6,13.85,13.05,13.57,13.57,1246400,234.720001,237.199997,231.199997,231.389999,231.389999,47782600,1408,1415.48999,1393.449951,1402.800049,1402.800049,1385000,13.64,13.86,13.4,13.85,13.85,230900,448.559998,448.959991,430.25,436.25,436.25,9117300,8,8.3,7.53,7.66,7.66,1788700,816,832.5,796,827.599976,827.599976,12254600,3.68,3.68,3.68,3.68,3.68,0,,2020/4/27,281.799988,284.540009,279.950012,283.170013,282.405548,29271900,2443.199951,2444.879883,2363,2376,2376,5645600,13.98,14.29,13.55,13.85,13.85,1742000,192.660004,193.75,187.410004,187.5,187.5,29197800,1296,1296.150024,1269,1275.880005,1275.880005,1600600,15.22,15.58,14.65,15.05,15.05,1078800,425,429,420.839996,421.380005,421.380005,6277500,6.16,6.45,6.05,6.2,6.2,454200,737.609985,799.48999,735,798.75,798.75,20681400,3.54,3.54,3.54,3.54,3.54,0
2020/5/22,315.769989,319.230011,315.350006,318.890015,318.890015,20450800,2455.01001,2469.850098,2430.129883,2436.879883,2436.879883,2867100,13.4,13.7,12.85,13.22,13.22,1539300,231.509995,235.990005,228.740005,234.910004,234.910004,33925600,1396.709961,1412.76001,1391.829956,1410.420044,1410.420044,1309400,13.71,13.72,13.16,13.5,13.5,222100,437,439.089996,427.179993,429.320007,429.320007,5422300,7.6,7.69,7.3,7.57,7.57,697300,822.169983,831.780029,812,816.880005,816.880005,9987500,3.76,3.76,3.76,3.76,3.76,0,,2020/4/28,285.079987,285.829987,278.200012,278.579987,277.827911,28001200,2372.100098,2373.5,2306,2314.080078,2314.080078,5269400,13.87,13.99,13.33,13.46,13.46,1373100,188.660004,189.199997,182.559998,182.910004,182.910004,21731000,1287.930054,1288.050049,1232.199951,1233.670044,1233.670044,2951300,15.05,15.44,14.7,14.76,14.76,661500,419.98999,421,402.910004,403.829987,403.829987,10101200,6.22,6.4,6.05,6.2,6.2,358400,795.640015,805,756.690002,769.119995,769.119995,15222000,3.44,3.44,3.44,3.44,3.44,0
2020/5/26,323.5,324.23999,316.5,316.730011,316.730011,31380500,2458,2462,2414.060059,2421.860107,2421.860107,3568200,13.19,13.2,12.2,12.27,12.27,2288900,239.770004,240.899994,231.669998,232.199997,232.199997,33178300,1437.27002,1441,1412.130005,1417.02002,1417.02002,2060600,13.27,13.71,13.13,13.5,13.5,339600,427.769989,428.5,413.140015,414.769989,414.769989,7881100,7.5,7.67,7.25,7.51,7.51,670200,834.5,834.599976,815.710022,818.869995,818.869995,8089700,3.88,3.88,3.88,3.88,3.88,0,,2020/4/29,284.730011,289.670013,283.890015,287.730011,286.953247,34320200,2330.01001,2391.889893,2310,2372.709961,2372.709961,4591600,13.32,13.41,12.98,13.2,13.2,1421300,190.929993,196.910004,190,194.190002,194.190002,45954500,1341.459961,1359.98999,1325.339966,1341.47998,1341.47998,3793600,14.77,14.98,14.3,14.3,14.3,718800,399.529999,415.859985,393.600006,411.890015,411.890015,9693100,6.25,6.29,5.78,5.81,5.81,421900,790.169983,803.200012,783.159973,800.51001,800.51001,16216000,3.46,3.46,3.46,3.46,3.46,0
2020/5/27,316.140015,318.709991,313.089996,318.109985,318.109985,28236300,2404.98999,2413.580078,2330,2410.389893,2410.389893,5056900,12.38,12.88,11.8,12.74,12.74,2194500,229.070007,230.559998,221.130005,229.139999,229.139999,34697600,1417.25,1421.73999,1391.290039,1417.839966,1417.839966,1685800,13.34,14.47,12.89,14.46,14.46,731100,410.380005,420.019989,397.859985,419.890015,419.890015,10446300,7.39,7.5,6.75,7.45,7.45,694000,820.859985,827.710022,785,820.22998,820.22998,11549500,3.8,3.8,3.8,3.8,3.8,0,,2020/4/30,289.959991,294.529999,288.350006,293.799988,293.006836,45457600,2419.840088,2475,2396.01001,2474,2474,9415000,12.96,13.38,11.8,13.08,13.08,3687800,206.919998,209.690002,201.570007,204.710007,204.710007,46173300,1324.880005,1352.819946,1322.48999,1348.660034,1348.660034,2665400,14.27,14.35,13.58,13.62,13.62,841300,410.309998,424.440002,408,419.850006,419.850006,7939400,5.78,6.09,5.6,6,6,250200,855.190002,869.820007,763.5,781.880005,781.880005,28400100,3.56,3.56,3.56,3.56,3.56,0
2020/5/28,316.769989,323.440002,315.630005,318.25,318.25,33390200,2384.330078,2436.969971,2378.22998,2401.100098,2401.100098,3190200,12.7,12.98,12.33,12.51,12.51,1373200,224.300003,231.630005,224,225.460007,225.460007,29377200,1396.859985,1440.839966,1396,1416.72998,1416.72998,1692200,14.55,15.13,14.13,14.27,14.27,627300,417.23999,422.369995,411.5,413.440002,413.440002,5655100,7.32,7.76,7.25,7.33,7.33,427500,813.51001,824.75,801.690002,805.809998,805.809998,7255600,3.72,3.72,3.72,3.72,3.72,0,,2020/5/1,286.25,299,285.850006,289.070007,288.289612,60154200,2336.800049,2362.439941,2258.189941,2286.040039,2286.040039,9772600,12.55,13,12.2,12.57,12.57,919900,201.600006,207.279999,199.050003,202.270004,202.270004,30415600,1328.5,1352.069946,1311,1320.609985,1320.609985,2072500,13.55,13.96,13.04,13.86,13.86,434700,415.100006,427.970001,411.730011,415.269989,415.269989,8299900,5.68,5.96,5.6,5.78,5.78,143700,755,772.77002,683.039978,701.320007,701.320007,32531800,3.52,3.52,3.52,3.52,3.52,0
2020/5/29,319.25,321.149994,316.470001,317.940002,317.940002,38399500,2415.939941,2442.370117,2398.199951,2442.370117,2442.370117,3529300,12.26,12.66,12.22,12.45,12.45,745400,225.199997,227.490005,222.880005,225.089996,225.089996,23322500,1416.939941,1432.569946,1413.349976,1428.920044,1428.920044,1838100,14.09,14.57,13.7,14.5,14.5,287100,417.459991,420.299988,411.850006,419.730011,419.730011,5270500,6.99,7.69,6.99,7.52,7.52,369800,808.75,835,804.210022,835,835,11812500,3.64,3.72,3.64,3.72,3.72,340,,2020/5/2,#N/A,#N/A,#N/A,#N/A,#N/A,#N/A,#N/A,#N/A,#N/A,#N/A,#N/A,#N/A,#N/A,#N/A,#N/A,#N/A,#N/A,#N/A,#N/A,#N/A,#N/A,#N/A,#N/A,#N/A,#N/A,#N/A,#N/A,#N/A,#N/A,#N/A,#N/A,#N/A,#N/A,#N/A,#N/A,#N/A,#N/A,#N/A,#N/A,#N/A,#N/A,#N/A,#N/A,#N/A,#N/A,#N/A,#N/A,#N/A,#N/A,#N/A,#N/A,#N/A,#N/A,#N/A,#N/A,#N/A,#N/A,#N/A,#N/A,#N/A
2020/6/1,317.75,322.350006,317.209991,321.850006,321.850006,20197800,2448,2476.929932,2444.169922,2471.040039,2471.040039,2928900,12.35,12.64,12.07,12.62,12.62,686300,224.589996,232.440002,223.5,231.910004,231.910004,18223800,1418.390015,1437.959961,1418,1431.819946,1431.819946,1217100,14.43,14.72,14.28,14.62,14.62,224500,418.829987,426.720001,415.980011,425.920013,425.920013,3743700,7.29,7.78,7.28,7.7,7.7,439000,858,899,854.099976,898.099976,898.099976,14939500,3.78,3.78,3.78,3.78,3.78,0,,2020/5/3,#N/A,#N/A,#N/A,#N/A,#N/A,#N/A,#N/A,#N/A,#N/A,#N/A,#N/A,#N/A,#N/A,#N/A,#N/A,#N/A,#N/A,#N/A,#N/A,#N/A,#N/A,#N/A,#N/A,#N/A,#N/A,#N/A,#N/A,#N/A,#N/A,#N/A,#N/A,#N/A,#N/A,#N/A,#N/A,#N/A,#N/A,#N/A,#N/A,#N/A,#N/A,#N/A,#N/A,#N/A,#N/A,#N/A,#N/A,#N/A,#N/A,#N/A,#N/A,#N/A,#N/A,#N/A,#N/A,#N/A,#N/A,#N/A,#N/A,#N/A
,,,,,,,,,,,,,,,,,,,,,,,,,,,,,,,,,,,,,,,,,,,,,,,,,,,,,,,,,,,,,,2020/5/4,289.170013,293.690002,286.320007,293.160004,292.368561,33392000,2256.379883,2326.97998,2256.379883,2315.98999,2315.98999,4865900,12.72,13.74,12.31,13.59,13.59,2152200,200.199997,205.910004,198.759995,205.259995,205.259995,19250700,1308.22998,1327.660034,1299,1326.800049,1326.800049,1504000,13.79,14.24,13.3,13.82,13.82,622800,417.779999,428.540009,414.869995,428.149994,428.149994,7799100,6.2,6.7,6,6.63,6.63,1112300,701,762,698,761.190002,761.190002,19237100,3.62,3.62,3.62,3.62,3.62,0
,,,,,,,,,,,,,,,,,,,,,,,,,,,,,,,,,,,,,,,,,,,,,,,,,,,,,,,,,,,,,,2020/5/5,295.059998,301,294.459991,297.559998,296.756683,36937800,2340,2351,2307.129883,2317.800049,2317.800049,3242500,13.2,13.8,12.87,12.88,12.88,1464700,207.020004,210.380005,206.5,207.070007,207.070007,21071200,1337.920044,1373.939941,1337.459961,1351.109985,1351.109985,1651500,13.9,14.19,13.35,13.35,13.35,449800,427.559998,431,421.559998,424.679993,424.679993,6286300,6.6,6.63,6.06,6.13,6.13,460200,789.789978,798.919983,762.179993,768.210022,768.210022,16991700,3.66,3.66,3.66,3.66,3.66,0
,,,,,,,,,,,,,,,,,,,,,,,,,,,,,,,,,,,,,,,,,,,,,,,,,,,,,,,,,,,,,,2020/5/6,300.459991,303.23999,298.869995,300.630005,299.81839,35583400,2329.439941,2357.449951,2320,2351.26001,2351.26001,3117800,14.4,14.68,12.5,13.42,13.42,5940200,208.119995,211.600006,206.660004,208.470001,208.470001,21857000,1361.689941,1371.119995,1347.290039,1347.300049,1347.300049,1215400,13.42,13.8,13.22,13.36,13.36,462000,429.299988,439.769989,426.390015,434.26001,434.26001,6660700,6.15,6.27,6,6.16,6.16,185500,776.5,789.799988,761.109985,782.580017,782.580017,11123200,3.78,3.88,3.78,3.88,3.88,900
,,,,,,,,,,,,,,,,,,,,,,,,,,,,,,,,,,,,,,,,,,,,,,,,,,,,,,,,,,,,,,2020/5/7,303.220001,305.170013,301.970001,303.73999,302.919983,28803800,2374.780029,2376,2343.110107,2367.610107,2367.610107,3396400,13.26,13.6,12.94,13.5,13.5,1788100,211.160004,211.600006,209.039993,211.259995,211.259995,15152000,1365.939941,1377.599976,1355.27002,1372.560059,1372.560059,1397600,13.36,13.65,13.28,13.31,13.31,241800,436.890015,438.880005,430.660004,436.529999,436.529999,5641900,6.29,6.29,6.11,6.14,6.14,119700,777.210022,796.400024,772.349976,780.039978,780.039978,11527700,3.72,3.72,3.72,3.72,3.72,0
,,,,,,,,,,,,,,,,,,,,,,,,,,,,,,,,,,,,,,,,,,,,,,,,,,,,,,,,,,,,,,2020/5/8,305.640015,310.350006,304.290009,310.130005,310.130005,33512000,2372.139893,2387.23999,2357,2379.610107,2379.610107,3211200,13.26,13.58,12.9,13.05,13.05,1243800,212.240005,213.210007,210.850006,212.350006,212.350006,12524000,1383.130005,1398.76001,1375.47998,1388.369995,1388.369995,1388100,13.5,13.66,13.06,13.11,13.11,318900,434.140015,442,433.640015,435.549988,435.549988,5054300,6.09,6.36,6.03,6.3,6.3,169700,793.77002,824,787.01001,819.419983,819.419983,16130100,3.74,3.74,3.74,3.74,3.74,0
,,,,,,,,,,,,,,,,,,,,,,,,,,,,,,,,,,,,,,,,,,,,,,,,,,,,,,,,,,,,,,2020/5/9,#N/A,#N/A,#N/A,#N/A,#N/A,#N/A,#N/A,#N/A,#N/A,#N/A,#N/A,#N/A,#N/A,#N/A,#N/A,#N/A,#N/A,#N/A,#N/A,#N/A,#N/A,#N/A,#N/A,#N/A,#N/A,#N/A,#N/A,#N/A,#N/A,#N/A,#N/A,#N/A,#N/A,#N/A,#N/A,#N/A,#N/A,#N/A,#N/A,#N/A,#N/A,#N/A,#N/A,#N/A,#N/A,#N/A,#N/A,#N/A,#N/A,#N/A,#N/A,#N/A,#N/A,#N/A,#N/A,#N/A,#N/A,#N/A,#N/A,#N/A
,,,,,,,,,,,,,,,,,,,,,,,,,,,,,,,,,,,,,,,,,,,,,,,,,,,,,,,,,,,,,,2020/5/10,#N/A,#N/A,#N/A,#N/A,#N/A,#N/A,#N/A,#N/A,#N/A,#N/A,#N/A,#N/A,#N/A,#N/A,#N/A,#N/A,#N/A,#N/A,#N/A,#N/A,#N/A,#N/A,#N/A,#N/A,#N/A,#N/A,#N/A,#N/A,#N/A,#N/A,#N/A,#N/A,#N/A,#N/A,#N/A,#N/A,#N/A,#N/A,#N/A,#N/A,#N/A,#N/A,#N/A,#N/A,#N/A,#N/A,#N/A,#N/A,#N/A,#N/A,#N/A,#N/A,#N/A,#N/A,#N/A,#N/A,#N/A,#N/A,#N/A,#N/A
,,,,,,,,,,,,,,,,,,,,,,,,,,,,,,,,,,,,,,,,,,,,,,,,,,,,,,,,,,,,,,2020/5/11,308.100006,317.049988,307.23999,315.01001,315.01001,36405900,2374.699951,2419.669922,2372.110107,2409,2409,3253700,13.05,13.27,12.6,12.88,12.88,1546900,210.889999,215,210.369995,213.179993,213.179993,12893100,1378.280029,1416.530029,1377.151978,1403.26001,1403.26001,1410600,13.11,13.5,12.44,13.41,13.41,674800,436.329987,444.890015,435.559998,440.519989,440.519989,5480300,6.24,7.35,6.24,7.11,7.11,747400,790.51001,824,785,811.289978,811.289978,16519600,3.72,3.72,3.72,3.72,3.72,0
,,,,,,,,,,,,,,,,,,,,,,,,,,,,,,,,,,,,,,,,,,,,,,,,,,,,,,,,,,,,,,2020/5/12,317.829987,319.690002,310.910004,311.410004,311.410004,40575300,2411.850098,2419,2355,2356.949951,2356.949951,3074900,12.81,14.1,12.69,13.84,13.84,3857200,213.289993,215.279999,210,210.100006,210.100006,14704600,1407.119995,1415,1374.77002,1375.73999,1375.73999,1390600,13.4,14.02,13.34,13.76,13.76,671600,442,444.170013,431.359985,431.820007,431.820007,4598200,9.65,10.6,8.41,9.12,9.12,12429100,827,843.289978,808,809.409973,809.409973,15906900,3.78,3.78,3.78,3.78,3.78,0
,,,,,,,,,,,,,,,,,,,,,,,,,,,,,,,,,,,,,,,,,,,,,,,,,,,,,,,,,,,,,,2020/5/13,312.149994,315.950012,303.209991,307.649994,307.649994,50155600,2366.800049,2407.699951,2337.800049,2367.919922,2367.919922,4782900,14.06,14.78,12.91,13.1,13.1,3637000,209.429993,210.779999,202.110001,205.100006,205.100006,20684600,1377.050049,1385.482056,1328.400024,1349.329956,1349.329956,1812600,13.75,13.96,12.67,12.87,12.87,494200,435.690002,447,427.269989,438.269989,438.269989,7014600,8.75,10.58,8.11,10.54,10.54,2424800,820.830017,826,763.299988,790.960022,790.960022,19065500,3.74,3.74,3.74,3.74,3.74,0
,,,,,,,,,,,,,,,,,,,,,,,,,,,,,,,,,,,,,,,,,,,,,,,,,,,,,,,,,,,,,,2020/5/14,304.51001,309.790009,301.529999,309.540009,309.540009,39732300,2361.01001,2391.370117,2353.209961,2388.850098,2388.850098,3648100,13.3,17,13.2,16.35,16.35,15819000,202.559998,206.929993,200.690002,206.809998,206.809998,17178900,1335.02002,1357.420044,1323.910034,1356.130005,1356.130005,1603100,12.96,14.29,12.52,13.8,13.8,1342000,444.899994,452.380005,432.820007,441.950012,441.950012,9007500,11.05,12.2,10.54,11.56,11.56,3040800,780,803.359985,764,803.330017,803.330017,13682200,3.72,3.72,3.72,3.72,3.72,0
,,,,,,,,,,,,,,,,,,,,,,,,,,,,,,,,,,,,,,,,,,,,,,,,,,,,,,,,,,,,,,2020/5/15,300.350006,307.899994,300.209991,307.709991,307.709991,41587100,2368.52002,2411,2356.370117,2409.780029,2409.780029,4235000,15.55,16.16,14.5,14.97,14.97,5468900,205.270004,211.339996,204.119995,210.880005,210.880005,19383200,1350,1374.47998,1339,1373.189941,1373.189941,1707700,13.85,14.1,13.51,13.8,13.8,366500,440.700012,455,437.51001,454.190002,454.190002,7244000,10.64,11.28,9.51,9.63,9.63,1371100,790.349976,805.049988,786.549988,799.169983,799.169983,10518400,3.66,3.66,3.66,3.66,3.66,0
,,,,,,,,,,,,,,,,,,,,,,,,,,,,,,,,,,,,,,,,,,,,,,,,,,,,,,,,,,,,,,2020/5/16,#N/A,#N/A,#N/A,#N/A,#N/A,#N/A,#N/A,#N/A,#N/A,#N/A,#N/A,#N/A,#N/A,#N/A,#N/A,#N/A,#N/A,#N/A,#N/A,#N/A,#N/A,#N/A,#N/A,#N/A,#N/A,#N/A,#N/A,#N/A,#N/A,#N/A,#N/A,#N/A,#N/A,#N/A,#N/A,#N/A,#N/A,#N/A,#N/A,#N/A,#N/A,#N/A,#N/A,#N/A,#N/A,#N/A,#N/A,#N/A,#N/A,#N/A,#N/A,#N/A,#N/A,#N/A,#N/A,#N/A,#N/A,#N/A,#N/A,#N/A
,,,,,,,,,,,,,,,,,,,,,,,,,,,,,,,,,,,,,,,,,,,,,,,,,,,,,,,,,,,,,,2020/5/17,#N/A,#N/A,#N/A,#N/A,#N/A,#N/A,#N/A,#N/A,#N/A,#N/A,#N/A,#N/A,#N/A,#N/A,#N/A,#N/A,#N/A,#N/A,#N/A,#N/A,#N/A,#N/A,#N/A,#N/A,#N/A,#N/A,#N/A,#N/A,#N/A,#N/A,#N/A,#N/A,#N/A,#N/A,#N/A,#N/A,#N/A,#N/A,#N/A,#N/A,#N/A,#N/A,#N/A,#N/A,#N/A,#N/A,#N/A,#N/A,#N/A,#N/A,#N/A,#N/A,#N/A,#N/A,#N/A,#N/A,#N/A,#N/A,#N/A,#N/A
,,,,,,,,,,,,,,,,,,,,,,,,,,,,,,,,,,,,,,,,,,,,,,,,,,,,,,,,,,,,,,2020/5/18,313.170013,316.5,310.320007,314.959991,314.959991,33843100,2404.350098,2433,2384.01001,2426.26001,2426.26001,4366600,15.02,15.07,12.7,14.18,14.18,5017800,212.149994,214.639999,210.940002,213.190002,213.190002,20167400,1361.75,1392.324951,1354.25,1383.939941,1383.939941,1824000,13.62,13.87,12.93,13.61,13.61,727200,451.160004,456.359985,443.350006,452.579987,452.579987,7780300,9.53,10.6,8.55,10.14,10.14,1471100,827.780029,834.719971,803.880005,813.630005,813.630005,11698100,3.7,3.7,3.7,3.7,3.7,0
,,,,,,,,,,,,,,,,,,,,,,,,,,,,,,,,,,,,,,,,,,,,,,,,,,,,,,,,,,,,,,2020/5/19,315.029999,318.519989,313.01001,313.140015,313.140015,25432400,2429.830078,2485,2428.969971,2449.330078,2449.330078,4320500,13.61,14.31,13.44,13.83,13.83,1395400,213.270004,220.490005,212.830002,216.880005,216.880005,31843200,1386.996948,1392,1373.484985,1373.484985,1373.484985,1280600,13.58,14.07,13.43,13.7,13.7,304800,453.399994,458.970001,450.470001,451.040009,451.040009,4810500,9.73,10.06,9.4,9.65,9.65,719100,815.169983,822.070007,806.080017,808.01001,808.01001,9636500,3.72,3.72,3.72,3.72,3.72,0
,,,,,,,,,,,,,,,,,,,,,,,,,,,,,,,,,,,,,,,,,,,,,,,,,,,,,,,,,,,,,,2020/5/20,316.679993,319.519989,316.519989,319.230011,319.230011,27876200,2477.870117,2500.01001,2467.27002,2497.939941,2497.939941,3998100,13.55,14.14,13.5,13.86,13.86,997200,223.5,231.339996,223.190002,229.970001,229.970001,50162900,1389.579956,1410.420044,1387.25,1406.719971,1406.719971,1655400,13.53,13.98,13.52,13.72,13.72,219500,454.25,455.809998,444,447.670013,447.670013,5607300,8.69,9.58,8.66,9.09,9.09,1283200,820.5,826,811.799988,815.559998,815.559998,7309300,3.74,3.74,3.74,3.74,3.74,0
,,,,,,,,,,,,,,,,,,,,,,,,,,,,,,,,,,,,,,,,,,,,,,,,,,,,,,,,,,,,,,2020/5/21,318.660004,320.890015,315.869995,316.850006,316.850006,25672200,2500,2525.449951,2442.540039,2446.73999,2446.73999,5114400,13.6,13.85,13.05,13.57,13.57,1246400,234.720001,237.199997,231.199997,231.389999,231.389999,47782600,1408,1415.48999,1393.449951,1402.800049,1402.800049,1385000,13.64,13.86,13.4,13.85,13.85,230900,448.559998,448.959991,430.25,436.25,436.25,9117300,8,8.3,7.53,7.66,7.66,1788700,816,832.5,796,827.599976,827.599976,12254600,3.68,3.68,3.68,3.68,3.68,0
,,,,,,,,,,,,,,,,,,,,,,,,,,,,,,,,,,,,,,,,,,,,,,,,,,,,,,,,,,,,,,2020/5/22,315.769989,319.230011,315.350006,318.890015,318.890015,20450800,2455.01001,2469.850098,2430.129883,2436.879883,2436.879883,2867100,13.4,13.7,12.85,13.22,13.22,1539300,231.509995,235.990005,228.740005,234.910004,234.910004,33925600,1396.709961,1412.76001,1391.829956,1410.420044,1410.420044,1309400,13.71,13.72,13.16,13.5,13.5,222100,437,439.089996,427.179993,429.320007,429.320007,5422300,7.6,7.69,7.3,7.57,7.57,697300,822.169983,831.780029,812,816.880005,816.880005,9987500,3.76,3.76,3.76,3.76,3.76,0
,,,,,,,,,,,,,,,,,,,,,,,,,,,,,,,,,,,,,,,,,,,,,,,,,,,,,,,,,,,,,,2020/5/23,#N/A,#N/A,#N/A,#N/A,#N/A,#N/A,#N/A,#N/A,#N/A,#N/A,#N/A,#N/A,#N/A,#N/A,#N/A,#N/A,#N/A,#N/A,#N/A,#N/A,#N/A,#N/A,#N/A,#N/A,#N/A,#N/A,#N/A,#N/A,#N/A,#N/A,#N/A,#N/A,#N/A,#N/A,#N/A,#N/A,#N/A,#N/A,#N/A,#N/A,#N/A,#N/A,#N/A,#N/A,#N/A,#N/A,#N/A,#N/A,#N/A,#N/A,#N/A,#N/A,#N/A,#N/A,#N/A,#N/A,#N/A,#N/A,#N/A,#N/A
,,,,,,,,,,,,,,,,,,,,,,,,,,,,,,,,,,,,,,,,,,,,,,,,,,,,,,,,,,,,,,2020/5/24,#N/A,#N/A,#N/A,#N/A,#N/A,#N/A,#N/A,#N/A,#N/A,#N/A,#N/A,#N/A,#N/A,#N/A,#N/A,#N/A,#N/A,#N/A,#N/A,#N/A,#N/A,#N/A,#N/A,#N/A,#N/A,#N/A,#N/A,#N/A,#N/A,#N/A,#N/A,#N/A,#N/A,#N/A,#N/A,#N/A,#N/A,#N/A,#N/A,#N/A,#N/A,#N/A,#N/A,#N/A,#N/A,#N/A,#N/A,#N/A,#N/A,#N/A,#N/A,#N/A,#N/A,#N/A,#N/A,#N/A,#N/A,#N/A,#N/A,#N/A
,,,,,,,,,,,,,,,,,,,,,,,,,,,,,,,,,,,,,,,,,,,,,,,,,,,,,,,,,,,,,,2020/5/25,#N/A,#N/A,#N/A,#N/A,#N/A,#N/A,#N/A,#N/A,#N/A,#N/A,#N/A,#N/A,#N/A,#N/A,#N/A,#N/A,#N/A,#N/A,#N/A,#N/A,#N/A,#N/A,#N/A,#N/A,#N/A,#N/A,#N/A,#N/A,#N/A,#N/A,#N/A,#N/A,#N/A,#N/A,#N/A,#N/A,#N/A,#N/A,#N/A,#N/A,#N/A,#N/A,#N/A,#N/A,#N/A,#N/A,#N/A,#N/A,#N/A,#N/A,#N/A,#N/A,#N/A,#N/A,#N/A,#N/A,#N/A,#N/A,#N/A,#N/A
,,,,,,,,,,,,,,,,,,,,,,,,,,,,,,,,,,,,,,,,,,,,,,,,,,,,,,,,,,,,,,2020/5/26,323.5,324.23999,316.5,316.730011,316.730011,31380500,2458,2462,2414.060059,2421.860107,2421.860107,3568200,13.19,13.2,12.2,12.27,12.27,2288900,239.770004,240.899994,231.669998,232.199997,232.199997,33178300,1437.27002,1441,1412.130005,1417.02002,1417.02002,2060600,13.27,13.71,13.13,13.5,13.5,339600,427.769989,428.5,413.140015,414.769989,414.769989,7881100,7.5,7.67,7.25,7.51,7.51,670200,834.5,834.599976,815.710022,818.869995,818.869995,8089700,3.88,3.88,3.88,3.88,3.88,0
,,,,,,,,,,,,,,,,,,,,,,,,,,,,,,,,,,,,,,,,,,,,,,,,,,,,,,,,,,,,,,2020/5/27,316.140015,318.709991,313.089996,318.109985,318.109985,28236300,2404.98999,2413.580078,2330,2410.389893,2410.389893,5056900,12.38,12.88,11.8,12.74,12.74,2194500,229.070007,230.559998,221.130005,229.139999,229.139999,34697600,1417.25,1421.73999,1391.290039,1417.839966,1417.839966,1685800,13.34,14.47,12.89,14.46,14.46,731100,410.380005,420.019989,397.859985,419.890015,419.890015,10446300,7.39,7.5,6.75,7.45,7.45,694000,820.859985,827.710022,785,820.22998,820.22998,11549500,3.8,3.8,3.8,3.8,3.8,0
,,,,,,,,,,,,,,,,,,,,,,,,,,,,,,,,,,,,,,,,,,,,,,,,,,,,,,,,,,,,,,2020/5/28,316.769989,323.440002,315.630005,318.25,318.25,33390200,2384.330078,2436.969971,2378.22998,2401.100098,2401.100098,3190200,12.7,12.98,12.33,12.51,12.51,1373200,224.300003,231.630005,224,225.460007,225.460007,29377200,1396.859985,1440.839966,1396,1416.72998,1416.72998,1692200,14.55,15.13,14.13,14.27,14.27,627300,417.23999,422.369995,411.5,413.440002,413.440002,5655100,7.32,7.76,7.25,7.33,7.33,427500,813.51001,824.75,801.690002,805.809998,805.809998,7255600,3.72,3.72,3.72,3.72,3.72,0
,,,,,,,,,,,,,,,,,,,,,,,,,,,,,,,,,,,,,,,,,,,,,,,,,,,,,,,,,,,,,,2020/5/29,319.25,321.149994,316.470001,317.940002,317.940002,38399500,2415.939941,2442.370117,2398.199951,2442.370117,2442.370117,3529300,12.26,12.66,12.22,12.45,12.45,745400,225.199997,227.490005,222.880005,225.089996,225.089996,23322500,1416.939941,1432.569946,1413.349976,1428.920044,1428.920044,1838100,14.09,14.57,13.7,14.5,14.5,287100,417.459991,420.299988,411.850006,419.730011,419.730011,5270500,6.99,7.69,6.99,7.52,7.52,369800,808.75,835,804.210022,835,835,11812500,3.64,3.72,3.64,3.72,3.72,340
,,,,,,,,,,,,,,,,,,,,,,,,,,,,,,,,,,,,,,,,,,,,,,,,,,,,,,,,,,,,,,2020/5/30,#N/A,#N/A,#N/A,#N/A,#N/A,#N/A,#N/A,#N/A,#N/A,#N/A,#N/A,#N/A,#N/A,#N/A,#N/A,#N/A,#N/A,#N/A,#N/A,#N/A,#N/A,#N/A,#N/A,#N/A,#N/A,#N/A,#N/A,#N/A,#N/A,#N/A,#N/A,#N/A,#N/A,#N/A,#N/A,#N/A,#N/A,#N/A,#N/A,#N/A,#N/A,#N/A,#N/A,#N/A,#N/A,#N/A,#N/A,#N/A,#N/A,#N/A,#N/A,#N/A,#N/A,#N/A,#N/A,#N/A,#N/A,#N/A,#N/A,#N/A
,,,,,,,,,,,,,,,,,,,,,,,,,,,,,,,,,,,,,,,,,,,,,,,,,,,,,,,,,,,,,,2020/5/31,#N/A,#N/A,#N/A,#N/A,#N/A,#N/A,#N/A,#N/A,#N/A,#N/A,#N/A,#N/A,#N/A,#N/A,#N/A,#N/A,#N/A,#N/A,#N/A,#N/A,#N/A,#N/A,#N/A,#N/A,#N/A,#N/A,#N/A,#N/A,#N/A,#N/A,#N/A,#N/A,#N/A,#N/A,#N/A,#N/A,#N/A,#N/A,#N/A,#N/A,#N/A,#N/A,#N/A,#N/A,#N/A,#N/A,#N/A,#N/A,#N/A,#N/A,#N/A,#N/A,#N/A,#N/A,#N/A,#N/A,#N/A,#N/A,#N/A,#N/A
,,,,,,,,,,,,,,,,,,,,,,,,,,,,,,,,,,,,,,,,,,,,,,,,,,,,,,,,,,,,,,2020/6/1,317.75,322.350006,317.209991,321.850006,321.850006,20197800,2448,2476.929932,2444.169922,2471.040039,2471.040039,2928900,12.35,12.64,12.07,12.62,12.62,686300,224.589996,232.440002,223.5,231.910004,231.910004,18223800,1418.390015,1437.959961,1418,1431.819946,1431.819946,1217100,14.43,14.72,14.28,14.62,14.62,224500,418.829987,426.720001,415.980011,425.920013,425.920013,3743700,7.29,7.78,7.28,7.7,7.7,439000,858,899,854.099976,898.099976,898.099976,14939500,3.78,3.78,3.78,3.78,3.78,0
